,Clause,Personal notice,Unspecified,General notice on website,Other,General notice in privacy policy,No notification
0,contact you as necessary,1.0,0.0,0.0,0.0,0.0,0.0
1,we reserve the right to contact you as necessary in our sole discretion,0.0,1.0,0.0,0.0,0.0,0.0
2,we reserve the right to contact you as necessary,1.0,0.0,0.0,0.0,0.0,0.0
3,notice on the Site,0.0,0.0,1.0,0.0,0.0,0.0
4,contacting you through electronic mail or other means.,1.0,0.0,0.0,0.0,0.0,0.0
5,posting a notice on the Site,0.0,0.0,1.0,0.0,0.0,0.0
6,by contacting you through electronic mail,1.0,0.0,0.0,0.0,0.0,0.0
7,other means,0.0,0.0,0.0,1.0,0.0,0.0
8,We may notify you by posting a notice on the Site,0.0,0.0,1.0,0.0,0.0,0.0
9,by contacting you through electronic mail or other means,1.0,0.0,0.0,0.0,0.0,0.0
10,"Effective July 20, 2012 (last updated October 08, 2013)",0.0,0.0,0.0,0.0,1.0,0.0
11,We will notify you of any material changes to this policy as required by law.,1.0,0.0,0.0,0.0,0.0,0.0
12,We will also post an updated copy on our website.,0.0,0.0,0.0,1.0,0.0,0.0
13,What we will do if there is an update to this policy. From time to time we may change our privacy practices. We will notify you of any material changes to this policy as required by law. We will also post an updated copy on our website. Please check our site periodically for updates.,0.0,0.0,1.0,0.0,0.0,0.0
14,We will also post an updated copy on our website,0.0,0.0,1.0,0.0,0.0,0.0
15,"Last Updated on May 22, 2015",0.0,0.0,0.0,0.0,1.0,0.0
16,"We may change our Privacy Policy, so please check this page from time to time, as your continued use of the Online Services after we publish our changes, indicates your acceptance of any changed terms.",0.0,0.0,0.0,0.0,0.0,1.0
17,"o please check this page from time to time,",0.0,0.0,0.0,0.0,1.0,0.0
18,"You can tell when the Privacy Policy was last updated by reviewing the ""Last Updated"" date at the top of the page.",0.0,0.0,1.0,0.0,0.0,0.0
19,"communicate with you by mail, telephone, facsimile, e-mail, mobile alerts and SMS text messaging",1.0,0.0,0.0,0.0,0.0,0.0
20,click here.,0.0,0.0,0.0,0.0,1.0,0.0
21,Last updated,0.0,0.0,0.0,0.0,1.0,0.0
22,Notices,0.0,1.0,0.0,0.0,0.0,0.0
23,"  Business Transfers: As we continue to develop our business, we might sell or buy stores, subsidiaries, or business units. In such transactions, customer information generally is one of the transferred business assets but remains subject to the promises made in any pre-existing Privacy Notice (unless, of course, the customer consents otherwise). Also, in the unlikely event that Amazon.com, Inc., or substantially all of its assets are acquired, customer information will of course be one of the transferred assets.  ",0.0,1.0,0.0,0.0,0.0,0.0
24,is your responsibility to review them for changes.,0.0,1.0,0.0,0.0,0.0,0.0
25,Web site,0.0,0.0,1.0,0.0,0.0,0.0
26,may e-mail periodic reminders,0.0,0.0,0.0,1.0,0.0,0.0
27,"We may e-mail periodic reminders of our notices and conditions,",1.0,0.0,0.0,0.0,0.0,0.0
28,without the consent of affected customers.,0.0,1.0,0.0,0.0,0.0,0.0
29,email,1.0,0.0,0.0,0.0,0.0,0.0
30,by means of a notice on our home page,0.0,0.0,1.0,0.0,0.0,0.0
31,home page,0.0,0.0,1.0,0.0,0.0,0.0
32,other places we deem appropriate,0.0,1.0,0.0,0.0,0.0,0.0
33,we will notify you here,0.0,0.0,0.0,0.0,1.0,0.0
34,"by email,",1.0,0.0,0.0,0.0,0.0,0.0
35,we will post those changes to this privacy statement,0.0,0.0,0.0,0.0,1.0,0.0
36,the home page,0.0,0.0,1.0,0.0,0.0,0.0
37,or by means of a notice on our home page,0.0,0.0,1.0,0.0,0.0,0.0
38,"Last Updated, December 5, 2014 . To see what has changed click here",0.0,0.0,0.0,0.0,1.0,0.0
39,"such as this Privacy Notice,",1.0,0.0,0.0,0.0,0.0,0.0
40,"We may e-mail periodic reminders of our notices and conditions, unless you have instructed us not to, but you should check our Web site frequently to see recent changes.",1.0,0.0,0.0,0.0,0.0,0.0
41,"e-mail periodic reminders of our notices and conditions, unless you have instructed us not to, but you should check our Web site frequently to see recent changes.",1.0,0.0,0.0,0.0,0.0,0.0
42,"We may e-mail periodic reminders of our notices and conditions, unless you have instructed us not to,",1.0,0.0,0.0,0.0,0.0,0.0
43,but you should check our Web site frequently to see recent changes.,0.0,0.0,0.0,0.0,1.0,0.0
44,"Last Modified: June 19, 2015",0.0,0.0,0.0,0.0,1.0,0.0
45,or changes to our policies,1.0,0.0,0.0,0.0,0.0,0.0
46,provide notice,1.0,0.0,0.0,0.0,0.0,0.0
47,We will provide noticeto you if these changes are material,0.0,1.0,0.0,0.0,0.0,0.0
48," 9. Changes to this Privacy Policy    From time to time, we may change this privacy policy to accommodate new technologies, industry practices, regulatory requirements or for other purposes. We will provide noticeto you if these changes are material and, where required by applicable law, we will obtain your consent.  ",0.0,1.0,0.0,0.0,0.0,0.0
49,last email address you provided us,1.0,0.0,0.0,0.0,0.0,0.0
50,"posting notice of such changes on our sites and applications,",0.0,0.0,1.0,0.0,0.0,0.0
51,"Posted: Tuesday, September 18, 2012 12:29 pm Updated: Thursday, May 21, 2015 3:22 pm.",0.0,0.0,0.0,0.0,1.0,0.0
52,we will post these changes here,0.0,0.0,0.0,0.0,1.0,0.0
53," Privacy Policy Changes    If we decide to change our privacy policy, we will post these changes here so that you will always know what information we gather, how we might use that information and whether we will disclose it to anyone. If, at any time, you have questions or concerns about The News-Post's privacy policy, please feel free to e-mail us at webmaster@newspost.com or call 301-662-1177 and speak to our Director of Online Operations.  ",0.0,1.0,0.0,0.0,0.0,0.0
54,they are posted on the website,0.0,0.0,1.0,0.0,0.0,0.0
55,"Revised May 3, 2012.  ",0.0,1.0,0.0,0.0,0.0,0.0
56,"We will give you notice of the revised Privacy Policy by posting the revised policy on the Site and by revising the ""effective date"" set forth above.",0.0,0.0,0.0,1.0,0.0,1.0
57,We will give you notice of the revised Privacy Policy by posting the revised policy on the Site,0.0,0.0,1.0,0.0,0.0,0.0
58,"by revising the ""effective date"" set forth above.",0.0,0.0,0.0,0.0,1.0,0.0
59,by other appropriate means,0.0,1.0,0.0,0.0,0.0,0.0
60,notify you of changes by posting changes here,0.0,0.0,0.0,0.0,1.0,0.0
61,We will notify you of changes by posting changes here,0.0,0.0,0.0,0.0,1.0,0.0
62,"We will notify you of changes by posting changes here, or by other appropriate means",0.0,0.0,0.0,0.0,1.0,0.0
63,This privacy policy was last revised per the date listed below.,0.0,0.0,0.0,0.0,1.0,0.0
64,This document was last revised on 09/29/2011,0.0,0.0,0.0,0.0,1.0,0.0
65," How We Use Your Information    We use the information you submit (including any personal information) to operate, maintain and provide to you the features and functionality of the Service or otherwise in connection with our business in relation to the Service. By using the Service you consent to this use and any other use of information identified in this Privacy Policy. For example, if you enter an online sweepstakes, we will use this information to notify you if you are a winner. We may also use the information to communicate with you about new features, products or services, and/or to improve the services that we offer by tailoring them to your needs.  ",0.0,1.0,0.0,0.0,0.0,0.0
66, Changes to Our Privacy Policy    We reserve the right to change this Privacy Policy at any time. Please check this page periodically for changes. Your continued use of the Website following the posting of changes to this Privacy Policy will constitute acceptance of those changes. Information collected prior to the time any change is posted will be used according to the rules and law that applied at the time the information was collected.  ,0.0,1.0,0.0,0.0,0.0,0.0
67,Please check this page periodically for changes.,0.0,0.0,0.0,0.0,1.0,0.0
68,CCEPTANCE OF THESE TERMS; CHANGES TO OUR PRIVACY POLICY,0.0,1.0,0.0,0.0,0.0,0.0
69,We recommend that you check the posted Privacy Policy,0.0,0.0,0.0,0.0,1.0,0.0
70,recommend that you check the posted Privacy Policy,0.0,1.0,0.0,0.0,0.0,0.0
71,We recommend that you check the posted Privacy Policy when you visit any of our sites,0.0,0.0,0.0,0.0,1.0,0.0
72,"Last Update May 24, 2014",0.0,0.0,0.0,0.0,1.0,0.0
73,without notice.,0.0,0.0,0.0,0.0,0.0,1.0
74,we will provide prominent notice of the change on the Sites.,0.0,0.0,1.0,0.0,0.0,0.0
75,this document will be updated accordingly.,0.0,1.0,0.0,0.0,1.0,0.0
76,without notice,0.0,0.0,0.0,0.0,0.0,1.0
77,rom time to time without notice,0.0,0.0,0.0,0.0,0.0,1.0
78,we will provide you with notice of the modifications or amendments and seek your consent for such use.,0.0,0.0,0.0,1.0,0.0,0.0
79,we will provide you with notice of the modifications or amendments,0.0,1.0,0.0,0.0,0.0,0.0
80,"Privacy Policy Last modified: June 30, 2015 ( view archived versions)",0.0,0.0,0.0,0.0,1.0,0.0
81,give affected users notice,1.0,0.0,0.0,0.0,0.0,0.0
82,Our Privacy Policy may change from time to time,0.0,1.0,0.0,0.0,0.0,0.0
83,We will not reduce your rights under this Privacy Policy without your explicit consent,0.0,1.0,0.0,0.0,0.0,0.0
84,post any privacy policy changes on this page,0.0,0.0,0.0,0.0,1.0,0.0
85,we will provide a more prominent notice,0.0,1.0,0.0,0.0,0.0,0.0
86,"including, for certain services, email notification of privacy policy changes",1.0,0.0,0.0,0.0,0.0,0.0
87,"We will post any privacy policy changes on this page and, if the changes are significant, we will provide a more prominent notice (including, for certain services, email notification of privacy policy changes).",1.0,0.0,0.0,0.0,0.0,0.0
88,We will post any privacy policy changes on this page,0.0,0.0,0.0,0.0,1.0,0.0
89,email notification of privacy policy changes,1.0,0.0,0.0,0.0,0.0,0.0
90,"Effective Date: April 1, 2015",0.0,0.0,0.0,0.0,1.0,0.0
91,"To review the prior version of Barnes & Noble's Privacy Policy, please click here.",0.0,0.0,0.0,0.0,1.0,0.0
92,"To review the prior version of Barnes & Noble's Privacy Policy, please click here.  ",0.0,1.0,0.0,0.0,0.0,0.0
93,"These current privacy policies and the privacy practices described herein apply to personal information previously collected from you by Barnes & Noble, Inc. and each of its subsidiaries, as well as personal information that they may collect from you in the future.  ",0.0,1.0,0.0,0.0,0.0,0.0
94,"email reminders,",1.0,0.0,0.0,0.0,0.0,0.0
95,"notice on this site,",0.0,0.0,1.0,0.0,0.0,0.0
96,ther acceptable means.,0.0,1.0,0.0,0.0,0.0,0.0
97,email reminders,1.0,0.0,0.0,0.0,0.0,0.0
98,by notice on this site,0.0,0.0,1.0,0.0,0.0,0.0
99,by other acceptable means,0.0,0.0,0.0,1.0,0.0,0.0
100,We may notify you of these changes by email reminders,1.0,0.0,0.0,0.0,0.0,0.0
101,notice to you at your email address,1.0,0.0,0.0,0.0,0.0,0.0
102,Users will be notified of any privacy policy changes: On our Privacy Policy Page,0.0,0.0,0.0,0.0,1.0,0.0
103,On our Privacy Policy Page,0.0,0.0,0.0,0.0,1.0,0.0
104,Last Edited on 10/2014,0.0,0.0,0.0,0.0,1.0,0.0
105,"CRP will post the updated version, including the effective date of the revision or update, on OpenSecrets.org.",0.0,0.0,1.0,0.0,0.0,0.0
106,"This Policy was last changed on October 24, 2014",0.0,0.0,1.0,0.0,0.0,0.0
107," Everyday Health Privacy Policy    This Policy was last changed on October 24, 2014  ",0.0,1.0,0.0,0.0,0.0,0.0
108,"By visiting this Site or using the Services, you are accepting the policies and practices described in this Policy. Each time you visit the Site or use the Services, you agree and expressly consent to our collection, use and disclosure of the information that you provide as described in this Policy.",0.0,1.0,0.0,0.0,0.0,0.0
109,"without prior notice, an",0.0,0.0,0.0,0.0,0.0,1.0
110," 11. How To Contact Us    If you have any questions regarding privacy or this Policy, you may contact us as follows: Telephone: 888-795-4719 Email: privacy@everydayhealth.com Address: Everyday Health, LLC 345 Hudson Street, 16th Floor New York, NY 10014    12. Privacy Policy Changes    We reserve the right to change, modify, add or remove portions of this Policy at any time and without prior notice, and any changes will become effective immediately upon being posted unless we advise you otherwise. Your continued use of the Site or Services after this Policy has been amended shall be deemed to be your continued acceptance of the terms and conditions of the Policy, as amended. We encourage you to bookmark this Web page and review this Policy regularly.",0.0,1.0,0.0,0.0,0.0,0.0
111,"Last updated and effective as of April 28, 2014",0.0,0.0,0.0,0.0,1.0,0.0
112,"posting of the revisions to the Sites,",0.0,0.0,1.0,0.0,0.0,0.0
113,distribution by electronic mail.,1.0,0.0,0.0,0.0,0.0,0.0
114,(a) posting of the revisions to the Sites,0.0,0.0,1.0,0.0,0.0,0.0
115," What is the effective date of this Policy and when does this policy apply?    This Policy is effective as of the date set out above. We reserve the right to modify this Policy at any time, and such revisions will become effective upon the earlier of (a) posting of the revisions to the Sites, or (b) distribution by electronic mail. Your continued use of any of the Sites or the Services after the effective date of the revisions means that you accept and agree to any such revisions. This Policy applies solely to our on-line information gathering and disclosure practices in connection with the Sites, and does not apply to any of our practices conducted off-line.  ",0.0,1.0,0.0,0.0,0.0,0.0
116,mail a,1.0,0.0,0.0,0.0,0.0,0.0
117,prominent notice on the Sites.,0.0,0.0,1.0,0.0,0.0,0.0
118,post a notification and link on our Website's homepage,0.0,0.0,1.0,0.0,0.0,0.0
119,we will post a notification and link on our Website's homepage,0.0,0.0,1.0,0.0,0.0,0.0
120,we will notify you of any changes to this Policy by posting a notice prominently on the main page of our website (http://www.foodallergy.org) indicating that there has been a change or update to the Privacy Policy,0.0,0.0,1.0,0.0,0.0,0.0
121,we will notify you of any changes to this Policy by posting a notice prominently on the main page of our website,0.0,0.0,1.0,0.0,0.0,0.0
122,by posting a notice prominently on the main page of our website,0.0,0.0,1.0,0.0,0.0,0.0
123,All changes to this policy will be posted on the IFSA-Butler website. We encourage you to periodically review this policy to remain up to date on our privacy practices.,0.0,0.0,1.0,0.0,0.0,1.0
124,All changes to this policy will be posted on the IFSA-Butler website.,0.0,0.0,1.0,0.0,0.0,0.0
125,"Users will be notified via email prior to a change of ownership or control of their personal information. If as a result of the business transition, the users? personally identifiable information will be used in a manner different from that stated at the time of collection they will be given choice consistent with our notification of changes section.",0.0,1.0,0.0,0.0,0.0,0.0
126,"we will post those changes to this privacy statement,",0.0,0.0,0.0,0.0,1.0,0.0
127,"the homepage,",0.0,0.0,1.0,0.0,0.0,0.0
128,"we will post those changes to this privacy statement, the homepage, and other places we deem appropriate",0.0,0.0,1.0,0.0,0.0,0.0
129,we will notify users via email.,1.0,0.0,0.0,0.0,0.0,0.0
130,we will post a prominent notice on our Web site notifying users of the change.,0.0,0.0,1.0,0.0,0.0,0.0
131,notify users via email,1.0,0.0,0.0,0.0,0.0,0.0
132,"Last updated: June 23, 2015",0.0,0.0,0.0,0.0,1.0,0.0
133,Changes to This Privacy Policy and Additional Information,0.0,1.0,0.0,0.0,0.0,0.0
134,you will be provided with appropriate online notice.,0.0,1.0,0.0,1.0,0.0,0.0
135,appropriate online notice,0.0,1.0,0.0,0.0,0.0,0.0
136,"we will inform you of such change by posting an updated privacy policy at this location or through email notification, at our option.",1.0,0.0,0.0,0.0,1.0,0.0
137,e will inform you of such change by posting an updated privacy policy at this location,0.0,0.0,0.0,0.0,1.0,0.0
138,through email notification,1.0,0.0,0.0,0.0,0.0,0.0
139,we will inform you of such change by posting an updated privacy policy at this location,0.0,0.0,0.0,0.0,1.0,0.0
140,post the revised Privacy Notice on this website,0.0,0.0,1.0,0.0,0.0,0.0
141,"e'll post the revised Privacy Notice on this website and update the ""Last Updated"" date to reflect the date of the changes.",0.0,0.0,0.0,0.0,1.0,0.0
142,in which case we'll post the revised Privacy Notice on this website,0.0,0.0,1.0,0.0,0.0,0.0
143,"update the ""Last Updated"" date to reflect the date of the changes.",0.0,0.0,0.0,0.0,1.0,0.0
144,"Last revised: January 07, 2014",0.0,0.0,0.0,0.0,1.0,0.0
145,"This Privacy Policy explains what information we collect, how we use it, how other companies may use it, and tracking technologies used to collect information. If we make any material changes to our privacy practices, we will post a revised Privacy Policy on this page. If you have any questions, please contact us by sending an email here http://content.dictionary.com/about/contact or writing to Dictionary.com LLC, ATTN: Legal Department, 555 12th Street, 5th Floor, Oakland, CA 94607.  ",0.0,1.0,0.0,0.0,0.0,0.0
146,"If we make any material changes to our privacy practices, we will post a revised Privacy Policy on this page. I",0.0,0.0,0.0,0.0,1.0,0.0
147," Privacy Policy     Effective Date    This Privacy Policy is applicable to www.prometheusgm.com, www.billboard.com, www.billboard.biz, www.adweek.com, www.backstage.com, www.hollywoodreporter.com, www.clioawards.com, www.filmjournal.com and any other site that may be operated by or for Prometheus Global Media (togetheher, the ""Websites""). It explains how we collect information from users of the Websites and how we use such information. Your use of the Websites constitutes your acceptance of this Privacy Policy. Please also read our Terms of Use , which govern the basic operation of the Websites.  ",0.0,1.0,0.0,0.0,0.0,0.0
148,notice,0.0,0.0,1.0,0.0,0.0,0.0
149,personal,0.0,0.0,0.0,0.0,0.0,1.0
150,notice by means that are reasonable under the circumstances,0.0,0.0,0.0,1.0,0.0,0.0
151,by posting a notice on the Websites.,0.0,0.0,1.0,0.0,0.0,0.0
152,"we will provide notice by means that are reasonable under the circumstances, such as by posting a notice on the Websites.",0.0,0.0,1.0,0.0,0.0,0.0
153,posted to this page,0.0,0.0,0.0,0.0,1.0,0.0
154,The revised Privacy Policy will be posted to this page,0.0,0.0,0.0,0.0,1.0,0.0
155,"This Privacy Policy may be changed by Time Inc. The revised Privacy Policy will be posted to this page so that you are aware of the information we collect, how we use it, and under what circumstances we may disclose it.",0.0,0.0,0.0,0.0,1.0,0.0
156,"This Privacy Policy was revised Jan. 2, 2014.",0.0,1.0,0.0,0.0,1.0,0.0
157,"we will post those changes to this privacy policy so our users are always aware of what information we collect, how we use it, and under what circumstances, if any, we disclose it. We suggest periodically visiting this page to review our policies and procedures.",0.0,0.0,0.0,0.0,1.0,0.0
158,we will post those changes to this privacy policy,0.0,0.0,0.0,0.0,1.0,0.0
159,"If we decide to change our privacy policies and procedures, we will post those changes to this privacy policy",0.0,0.0,0.0,0.0,1.0,0.0
160,"we will post the revised information here, with a revised ""effective date"" at the top of this privacy policy.",0.0,0.0,0.0,0.0,1.0,1.0
161,"If there are material changes to this privacy policy or in how we will use your personal information, we may notify you by other means, such as sending an email to you",1.0,0.0,0.0,0.0,0.0,0.0
162,"we may notify you by other means, such as sending an email to you",1.0,0.0,0.0,0.0,0.0,0.0
163,or by posting a notice of such changes on our website.,0.0,0.0,1.0,0.0,0.0,0.0
164,we will post the revised information here,0.0,0.0,0.0,0.0,1.0,0.0
165,posting a notice of such changes on our website,0.0,0.0,1.0,0.0,0.0,0.0
166,"This policy is current as of its last revision date. However, please note that this policy may be amended from time to time to reflect changes and additions to the privacy policy. Please check back for the most current version before relying on any of the provisions in this privacy policy.  ",0.0,1.0,0.0,0.0,0.0,0.0
167,Please check back for the most current version before relying on any of the provisions in this privacy policy.,0.0,0.0,0.0,0.0,1.0,0.0
168,Revision Date: March 24th 2015,0.0,1.0,0.0,0.0,1.0,0.0
169,Some acquired companies may operate under their own privacy policies until we integrate their privacy practices with ours.,0.0,0.0,0.0,1.0,0.0,0.0
170,to send you,1.0,0.0,0.0,0.0,0.0,0.0
171,notify and obtain consent from a parent or guardian,1.0,0.0,0.0,0.0,0.0,0.0
172,"update it on this page and modify the ""LastUpdated"" date",0.0,0.0,0.0,0.0,1.0,0.0
173,"we will update it on this page and modify the ""LastUpdated"" date.",0.0,0.0,0.0,0.0,1.0,0.0
174,"If our information practices change in a significant way, we will provide a more prominent notice.",0.0,1.0,0.0,0.0,0.0,0.0
175,"We may revise this privacy policy from time to time and, if we do, we will update it on this page and modify the ""LastUpdated"" date. If our information practices change in a significant way, we will provide a more prominent notice.Because our privacy policy can change at any time, we encourage you to reread it periodically to see if there have been any changes that affect you.",0.0,0.0,0.0,0.0,1.0,0.0
176,we will update it on this page,0.0,0.0,0.0,0.0,1.0,0.0
177,"Last Updated: October 3, 2014 s",0.0,0.0,0.0,0.0,1.0,0.0
178,we will announce them,0.0,1.0,0.0,1.0,0.0,0.0
179,notify you via email,1.0,0.0,0.0,0.0,0.0,0.0
180,notify you via email.,1.0,0.0,0.0,0.0,0.0,0.0
181,we will announce them and notify you via email,1.0,0.0,0.0,0.0,0.0,0.0
182,How will you know whether The Motley Fool's privacy policy has changed-,0.0,1.0,0.0,0.0,0.0,0.0
183,notified via email,1.0,0.0,0.0,0.0,0.0,0.0
184,and/or a prominent notice on our Web site,0.0,0.0,1.0,0.0,0.0,0.0
185,on our websites,0.0,0.0,1.0,0.0,0.0,0.0
186,and/or in email messages,1.0,0.0,0.0,0.0,0.0,0.0
187,We encourage you to periodically review this page,0.0,0.0,0.0,0.0,1.0,0.0
188,on our websites and/or in email messages prior to the change becoming effective,1.0,0.0,0.0,0.0,0.0,0.0
189,"Last Updated: December 1st, 2014",0.0,0.0,0.0,0.0,1.0,0.0
190,The revised policy will be posted on the MediaNews Web site,0.0,0.0,1.0,0.0,0.0,0.0
191,MediaNews may change this privacy policy from time to time. The revised policy will be posted on the MediaNews Web site. Please check this page periodically for changes.  ,0.0,1.0,0.0,0.0,0.0,0.0
192,evised policy will be posted on the MediaNews Web site,0.0,0.0,1.0,0.0,0.0,0.0
193,posting the changed Privacy Policy on the Site.,0.0,0.0,1.0,0.0,0.0,0.0
194,we will inform you by posting the changed Privacy Policy on the Site,0.0,0.0,0.0,0.0,1.0,0.0
195,inform you by posting the changed Privacy Policy on the Site,0.0,0.0,1.0,0.0,0.0,0.0
196,Not selected,0.0,1.0,0.0,0.0,0.0,0.0
197,"Last Updated: September 1, 2013",0.0,0.0,0.0,0.0,1.0,0.0
198,post those changes on this page,0.0,0.0,0.0,1.0,0.0,0.0
199,we will post those changes on this page.,0.0,0.0,0.0,0.0,1.0,0.0
200,"Revised May 29, 2015",0.0,0.0,0.0,0.0,1.0,0.0
201,Each of our customers receives a copy of our privacy policy annually.,1.0,0.0,0.0,0.0,0.0,0.0
202,Please take a look at the revised date at the top of this page to see when this Privacy Policy was last revised. Each of our customers receives a copy of our privacy policy annually.,0.0,0.0,0.0,0.0,1.0,0.0
203,Please take a look at the revised date at the top of this page to see when this Privacy Policy was last revised.,0.0,0.0,0.0,0.0,1.0,0.0
204,"If we make a material change to our online Privacy Statement, we will post a notice on our homepage notifying users that the policy has been revised.",0.0,0.0,1.0,0.0,0.0,0.0
205,we will post a notice on our homepage notifying users that the policy has been revised.,0.0,0.0,1.0,0.0,0.0,0.0
206,We may email reminders of our notices and conditions.,1.0,0.0,0.0,0.0,0.0,0.0
207,"You should frequently check our website to see recent changes to these terms and policies. Unless stated otherwise, our current privacy notice applies to all information that we have about you and your account.",0.0,0.0,1.0,0.0,0.0,0.0
208,"By visiting the Site(s) or using any of the Curse Features, you consent to Curse' collection, use, storage, deletion and disclosure of information relating to you as set forth in this Privacy Policy.",0.0,1.0,0.0,0.0,0.0,0.0
209,This Privacy Policy may change from time to time and we will post all changes on this page.,0.0,0.0,0.0,0.0,1.0,0.0
210,we will post all changes on this page.,0.0,0.0,1.0,0.0,0.0,0.0
211,and any such changes will be included on this page.,0.0,0.0,0.0,0.0,1.0,0.0
212,"you will be notified by email of our intentions,",1.0,0.0,0.0,0.0,0.0,0.0
213,"ACCEPTANCE OF THESE TERMS Your use of the Science Website shall indicate your understanding and acceptance of the terms of this Privacy Statement. If you do not agree with all of the terms herein, you should not use the Science Website or services.",0.0,1.0,0.0,0.0,0.0,0.0
214,"we will post those changes here so that you will always know what information we gather, how we might use that information, and to whom we will disclose it. If",0.0,0.0,0.0,0.0,1.0,0.0
215,"If we decide to change our Privacy Statement for the Science websites, we will post those changes here so that you will always know what information we gather, how we might use that information, and to whom we will disclose it.",0.0,0.0,0.0,0.0,1.0,0.0
216,we will notify you by posting notice of the change on www.us.playstation.com or on our other websites. We will post the changes in the privacy policy,0.0,0.0,1.0,0.0,0.0,0.0
217,e will post the changes in the privacy policy,0.0,0.0,0.0,0.0,1.0,0.0
218,we will notify you by posting notice of the change on www.us.playstation.com or on our other websites.,0.0,0.0,1.0,0.0,0.0,0.0
219,we will notify you by posting notice of the change on www.us.playstation.com or on our other websites,0.0,0.0,1.0,0.0,0.0,0.0
220,"We will post the changes in the privacy policy and, if necessary, give you additional choices regarding changes.",0.0,0.0,0.0,0.0,1.0,0.0
221,"Effective Date: March 5, 2014",0.0,0.0,0.0,0.0,1.0,0.0
222,Changes to this Privacy Policy,0.0,1.0,0.0,0.0,0.0,0.0
223,To notify you,0.0,1.0,0.0,0.0,0.0,0.0
224,  To notify you about changes to our Services  ,0.0,1.0,0.0,0.0,0.0,0.0
225,on this page,0.0,0.0,0.0,0.0,1.0,0.0
226,with a notice that the Privacy Policy has been updated on the home pages of the Websites,0.0,0.0,1.0,0.0,0.0,0.0
227,"If we make material changes to how we treat our users information, we will notify you by e-mail to the primary e-mail address specified in your account",1.0,0.0,0.0,0.0,0.0,0.0
228,to post any changes we make to our Privacy Policy on this page,0.0,0.0,0.0,0.0,1.0,0.0
229,we will notify you by e-mail to the primary e-mail address specified in your account,1.0,0.0,0.0,0.0,0.0,0.0
230,and through a notice on the home pages of the Websites.,0.0,0.0,1.0,0.0,0.0,0.0
231,we will notify you by e-mail to the primary e-mail address specified in your account and through a notice on the home pages of the Websites,1.0,0.0,0.0,0.0,0.0,0.0
232,Your continued use of the Services after such modifications will constitute your: (a) acknowledgment of the modified Privacy Policy; and (b) agreement to abide and be bound by the modified Privacy Policy.  ,0.0,1.0,0.0,0.0,0.0,0.0
233,use of the Services after such modifications,0.0,1.0,0.0,0.0,0.0,0.0
234,we will notify parents by email in order to obtain verifiable parental consent for the new uses of their childs Personally Identifiable Information,1.0,0.0,0.0,0.0,0.0,0.0
235,we will notify parents by email,1.0,0.0,0.0,0.0,0.0,0.0
236,"Effective Date   This Privacy Policy is effective as of October 27, 2007 and will remain in effect unless changed. UpToDate may modify this Privacy Policy at any time, and such modifications shall be effective immediately upon posting of the modified Privacy Policy on the Website.  ",0.0,1.0,0.0,0.0,0.0,0.0
237,"Last Revised: December 23, 2013",0.0,0.0,0.0,0.0,1.0,0.0
238,that policy will be posted on their site.,0.0,0.0,1.0,0.0,0.0,0.0
239,"we will post a notice on the home page of www.cariboucoffee.com and change the date at the top of this Privacy Statement,",0.0,0.0,1.0,0.0,0.0,0.0
240,"If we change this Privacy Statement, we will post a notice on the home page of www.cariboucoffee.com",0.0,0.0,1.0,0.0,0.0,0.0
241,"and change the date at the top of this Privacy Statement,",0.0,0.0,0.0,0.0,1.0,0.0
242,we will post a notice on the home page of www.cariboucoffee.com,0.0,0.0,1.0,0.0,0.0,0.0
243,and change the date at the top of this Privacy Statement,0.0,0.0,0.0,0.0,1.0,0.0
244,when posted,0.0,1.0,0.0,0.0,0.0,0.0
245,"All changes will become effective when posted, and by continuing to use the Site following the posting of any changes, you agree to be bound by such modified Privacy Statement.  ",0.0,1.0,0.0,0.0,0.0,0.0
246,"The revised Privacy Policy will be posted to this page so that you are aware of the information we collect, how we use it, and under what circumstances we may disclose it.",0.0,0.0,0.0,1.0,0.0,0.0
247,Chase Paymentech reserves the right to change this Privacy Statement without notice at any time,0.0,0.0,0.0,0.0,0.0,1.0
248," Modifications to Privacy Statement    We continue to review our policies and procedures to assure that they are effective in meeting our commitments to our Merchants. Chase Paymentech reserves the right to change this Privacy Statement without notice at any time and from time to time, including as needed to comply with the rules and regulations of the various debit and credit card organizations, or to comply with applicable local, state and federal laws and regulations.  ",0.0,1.0,0.0,0.0,0.0,0.0
249,without notice at any time and from time to time,0.0,0.0,0.0,0.0,0.0,1.0
250,Please check this page periodically for any changes.,0.0,0.0,0.0,0.0,1.0,0.0
251,Last Updated: March 2015,0.0,0.0,0.0,0.0,1.0,0.0
252,Please check this page periodically for changes. We will post a notice on this site if and when this policy changes to alert visitors that a new policy is in place.,0.0,0.0,0.0,0.0,1.0,0.0
253,We will post a notice on this site if and when this policy changes to alert visitors that a new policy is in place,0.0,0.0,0.0,0.0,1.0,0.0
254,We will post a notice on this site,0.0,0.0,0.0,0.0,1.0,0.0
255,"This Privacy Policy is effective as of February 6, 2009.",0.0,0.0,0.0,0.0,1.0,0.0
256,the changes will be posted on this page thirty (30) days prior to taking effect and will not affect children's personal information previously collected.,0.0,0.0,0.0,1.0,1.0,0.0
257,they will be posted on this page.,0.0,0.0,0.0,0.0,1.0,0.0
258,the change will be posted on this page thirty (30) days prior to taking effect and registered users will be notified via email.,1.0,0.0,0.0,0.0,0.0,0.0
259,", the change will be posted on this page thirty (30) days prior to taking effect",0.0,0.0,0.0,0.0,1.0,0.0
260,the change will be posted on this page thirty (30) days prior to taking effect,0.0,0.0,0.0,1.0,1.0,0.0
261,registered users will be notified via email.,1.0,0.0,0.0,0.0,0.0,0.0
262,will be posted on this page.,0.0,0.0,0.0,0.0,1.0,0.0
263,registered users will be notified via email,1.0,0.0,0.0,0.0,0.0,0.0
264,"Important Update In September 2012, we announced that Instagram had been acquired by Facebook. We knew that by teaming up with Facebook, we could build a better Instagram for you. Since then, we've been collaborating with Facebook's team on ways to do just that. As part of our new collaboration, we've learned that by being able to share insights and information with each other, we can build better experiences for our users.",0.0,0.0,0.0,0.0,1.0,0.0
265,"We're updating our Privacy Policy to highlight this new collaboration,",0.0,1.0,0.0,0.0,0.0,0.0
266,"Our new Privacy Policy is effective on January 19, 2013. To learn about how we treat information collected prior to January 19, 2013, please click here.",0.0,0.0,0.0,0.0,1.0,0.0
267,"Effective date: January 19, 2013",0.0,0.0,1.0,0.0,0.0,0.0
268,We may provide you additional forms of notice of modifications or updates as appropriate under the circumstances.,0.0,1.0,0.0,1.0,0.0,0.0
269,please review it periodically.,0.0,0.0,0.0,0.0,1.0,0.0
270,We may provide,0.0,1.0,0.0,0.0,0.0,0.0
271,"we will provide you with notice of those changes and may do so by either: (1) announcing the change on the home page of our website or (2) taking other actions as we deem appropriate under the circumstances, including without limitation, posting the revised version of this Privacy Policy online.",0.0,0.0,0.0,0.0,1.0,0.0
272,", we will provide you with notice of those changes and may do so by either: (1) announcing the change on the home page of our website or (2) taking other actions as we deem appropriate under the circumstances, including without limitation, posting the revised version of this Privacy Policy online.",0.0,0.0,1.0,0.0,0.0,0.0
273,(1) announcing the change on the home page of our website,0.0,0.0,1.0,0.0,0.0,0.0
274,"including without limitation, posting the revised version of this Privacy Policy online",0.0,0.0,0.0,0.0,1.0,0.0
275,taking other actions as we deem appropriate under the circumstances,0.0,1.0,0.0,0.0,0.0,0.0
276,announcing the change on the home page of our website,0.0,0.0,1.0,0.0,0.0,0.0
277,"taking other actions as we deem appropriate under the circumstances, including without limitation, posting the revised version of this Privacy Policy online",0.0,1.0,0.0,0.0,0.0,0.0
278,"You can determine when this Privacy Policy was last revised by referring to the ""Last Updated"" or similar legend at the top of this page.",0.0,0.0,0.0,0.0,1.0,0.0
279,"Any changes to this Privacy Policy will become effective upon posting of the revised Privacy Policy on the Internet, accessible through this site.",0.0,0.0,1.0,0.0,0.0,0.0
280,"referring to the ""Last Updated"" or similar legend at the top of this page.",0.0,0.0,0.0,0.0,1.0,0.0
281,we will post the updated Privacy Policy here,0.0,0.0,0.0,0.0,1.0,0.0
282,notify you by email,1.0,0.0,0.0,0.0,0.0,0.0
283,by means of a notice on our website,0.0,0.0,1.0,0.0,0.0,0.0
284,post the updated Privacy Policy here and notify you by email,1.0,0.0,0.0,0.0,0.0,0.0
285,by means of a notice on our website.,0.0,0.0,1.0,0.0,0.0,0.0
286,"y, we will post those changes to this privacy policy and other places we deem appropriate.",0.0,0.0,0.0,0.0,1.0,0.0
287,we will post those changes to this privacy policy and other places we deem appropriate.,0.0,0.0,0.0,0.0,1.0,0.0
288,we will contact you beforehand to explain the use of the information,1.0,0.0,0.0,0.0,0.0,0.0
289,through a prominent notice posted on the Sites,0.0,0.0,1.0,0.0,0.0,0.0
290,we will post those changes here,0.0,0.0,0.0,0.0,1.0,0.0
291,"we will post those changes here so that you will always know what information we gather, how we might use that information, and whether we will disclose it to anyone.",0.0,0.0,0.0,0.0,1.0,0.0
292,a prominent notice of the nature of the change will be posted on this Privacy Statement,0.0,0.0,0.0,0.0,1.0,0.0
293,the current subscribers will be notified as soon as possible.,1.0,1.0,0.0,0.0,0.0,0.0
294,prominent notice of the nature of the change will be posted on this Privacy Statement,0.0,0.0,0.0,0.0,1.0,0.0
295,We will post the date our Policy was last updated at the top of the Privacy Policy.,0.0,1.0,0.0,0.0,1.0,0.0
296,additional notice of significant updates.,0.0,1.0,0.0,0.0,0.0,0.0
297,We will provide additional notice of significant updates,0.0,1.0,0.0,0.0,0.0,0.0
298,sending a notice to the primary email address specified in your Yahoo account,1.0,0.0,0.0,0.0,0.0,0.0
299,by placing a prominent notice on our site.,0.0,0.0,1.0,0.0,0.0,0.0
300,We will notify you about significant changes in the way we treat personal information by sending a notice to the primary email address specified in your Yahoo account,1.0,0.0,0.0,0.0,0.0,0.0
301,or by placing a prominent notice on our site.,0.0,0.0,1.0,0.0,0.0,0.0
302,sending a notice to the primary email address,1.0,0.0,0.0,0.0,0.0,0.0
303,"Last Updated: September 25, 2014",0.0,0.0,0.0,0.0,1.0,0.0
304,periodically review this page,0.0,0.0,0.0,0.0,1.0,0.0
305,We ask that you periodically review this page to ensure continuing familiarity with the most current version of this Web site's Privacy Policy.,0.0,0.0,0.0,0.0,1.0,0.0
306,either we or the third party will post relevant privacy information in the official rules and/or registration area for the promotion or sweepstakes.,0.0,0.0,0.0,1.0,0.0,0.0
307,"Effective date: July 1, 2004, Updated: December 23, 2013",0.0,0.0,0.0,0.0,1.0,0.0
308,we will revise the Last Updated date at the top of this Notice.,0.0,0.0,0.0,0.0,1.0,1.0
309,"If we make changes to the U.S. Online Privacy Notice, we will revise the Last Updated date at the top of this Notice",0.0,0.0,0.0,0.0,1.0,0.0
310,without advance notice,0.0,0.0,0.0,0.0,0.0,1.0
311,Latin Post may provide notice of terminations or changes in services on this Site.,0.0,0.0,1.0,0.0,0.0,0.0
312,unless we provide advance notice of any other use.,0.0,1.0,0.0,0.0,0.0,0.0
313,"In such cases, we will provide to you an explanation of why access cannot be provided and contact information for further inquiries.",1.0,0.0,0.0,0.0,0.0,0.0
314,Notice of material changes will be posted on the Site's homepage,0.0,0.0,1.0,0.0,1.0,0.0
315,We reserve the right to revise this Privacy Policy at any time by posting an updated Privacy Policy without advance notice to you.,0.0,0.0,0.0,0.0,0.0,1.0
316,"Notice of material changes will be posted on the Site's homepage and/or will be provided by e-mailing you or notifying you upon login about these changes; the form of such notice is at our discretion. However, we encourage you to check this Privacy Policy and Terms of Use Agreement often for updates.",0.0,0.0,0.0,1.0,0.0,0.0
317,will be provided by e-mailing you or notifying you upon login,1.0,0.0,0.0,0.0,0.0,0.0
318,Privacy Policy and Terms of Use Agreement,0.0,0.0,0.0,0.0,1.0,0.0
319,by posting an updated Privacy Policy without advance notice to you,0.0,0.0,0.0,0.0,0.0,1.0
320,"Last updated: March 25, 2015",0.0,0.0,0.0,0.0,1.0,0.0
321,"By using any of the services above, you are accepting the practices described in our Privacy Policy.",0.0,1.0,0.0,0.0,0.0,0.0
322,without changing the effective date of the Privacy Policy itself.,0.0,0.0,0.0,1.0,0.0,0.0
323,without changing the effective date of the Privacy Policy itself. We urge you to check this section for changes regularly.,0.0,0.0,0.0,0.0,0.0,1.0
324,"When we post changes to this Privacy Policy, we will revise the ""last updated"" date at the top of this page.",0.0,0.0,0.0,0.0,1.0,0.0
325,"If we provide notice of changes via email, you consent to receiving email notice of such changes.",1.0,0.0,0.0,0.0,0.0,0.0
326,"we will revise the ""last updated"" date at the top of this page.",0.0,0.0,0.0,0.0,1.0,0.0
327,notice of changes via email,1.0,0.0,0.0,0.0,0.0,0.0
328,"Effective Date: May 7, 2015",0.0,0.0,0.0,0.0,1.0,0.0
329,We will indicate the notice's effective date on the first page of the notice.,0.0,0.0,0.0,0.0,1.0,0.0
330,"Last updated: August 26, 2014",0.0,0.0,0.0,0.0,1.0,0.0
331,updated policy on the Sites,0.0,0.0,1.0,0.0,0.0,0.0
332,appropriate notice to you.,1.0,0.0,0.0,0.0,0.0,0.0
333,"n line with these values, our privacy policy may change from time to time. If it does, we will post an updated policy on the Sites and change the ""last updated"" line above.",0.0,0.0,0.0,0.0,1.0,0.0
334,"pdated policy on the Sites and change the ""last updated"" line abo",0.0,0.0,0.0,0.0,1.0,0.0
335,we will provide appropriate notice to you.,0.0,1.0,0.0,0.0,0.0,0.0
336,without,0.0,0.0,0.0,0.0,0.0,1.0
337,"If we modify our Privacy Policy, we may post a notice on our website",0.0,0.0,1.0,0.0,0.0,0.0
338,we may post a notice on our website,0.0,0.0,0.0,0.0,1.0,0.0
339,"post a notice on our website so our users are aware of what information we collect,",0.0,0.0,1.0,0.0,0.0,0.0
340,We will post all changes to this Policy on the Sites,0.0,0.0,1.0,0.0,0.0,0.0
341,"We will post all changes to this Policy on the Sites, and we encourage all visitors and users of the Sites to check this policy from time to time.",0.0,0.0,0.0,0.0,0.0,1.0
342,so please be sure to visit this site often to see if anything has changed. If we post changes,0.0,1.0,0.0,0.0,0.0,0.0
343,so please be sure to visit this site often to see if anything has changed.,0.0,0.0,0.0,0.0,1.0,1.0
344,The revised policy will be posted on the MediaNews Web site.,0.0,1.0,1.0,0.0,0.0,0.0
345,The revised policy will be posted on the MediaNews Web site. Please check this page periodically for changes.,0.0,0.0,0.0,1.0,0.0,0.0
346,we'll post the changes here,0.0,0.0,0.0,0.0,1.0,0.0
347,we'll post the changes here and indicate at the top of the policy the last date on which it was updated,0.0,0.0,0.0,0.0,1.0,0.0
348,we'll post the changes here and indicate at the top of the policy the last date on which it was updated.,0.0,0.0,0.0,0.0,1.0,0.0
349,Kaleida Health will post any revised notice in our hospital reception area.,0.0,0.0,0.0,1.0,0.0,0.0
350,t any revised notice in our hospital reception area.,0.0,0.0,0.0,1.0,0.0,0.0
351,You will also be able to obtain your own copy of the revised notice by accessing our website at www.Kaleidahealth.org,0.0,0.0,1.0,0.0,0.0,0.0
352,"Kaleida Health may change our privacy practices from time to time. If we do, we will revise this notice so you will have an accurate summary of our practices. The revised notice will apply to all of your health information. Kaleida Health will post any revised notice in our hospital reception area.",0.0,0.0,0.0,0.0,1.0,0.0
353,The CBS Interactive Privacy Policy has been updated.,0.0,0.0,0.0,0.0,1.0,0.0
354,"Note: The CBS Interactive Privacy Policy has been updated. Please review the updated privacy policy carefully before using the CBS Interactive Services. By using any of the CBS Interactive Services, you consent to the terms of the updated privacy policy. Click here for more information about the updates.  ",0.0,1.0,0.0,0.0,0.0,0.0
355,"SRL also may use Site visitor data to contact the Site visitors regarding account status and changes to the Terms and Conditions, any subscriber agreement, this Privacy Statement, and any other policies or agreements relevant to Site visitors.",0.0,1.0,0.0,0.0,0.0,0.0
356,contact the Site visitors,1.0,0.0,0.0,0.0,0.0,0.0
357,"Notice of any new or revised Privacy Statement, as well as the location of the new or revised statement, will be posted on the Site for at least 60 days after the change.",0.0,0.0,1.0,0.0,0.0,0.0
358,"Last Updated: March 1, 2015",0.0,0.0,0.0,0.0,1.0,0.0
359,You will be notified via e-mail,1.0,0.0,0.0,0.0,0.0,0.0
360,notified via e-mail,1.0,0.0,0.0,0.0,0.0,0.0
361,we will post the changes on the JibJab Site(s) affected by such changes,0.0,0.0,1.0,0.0,0.0,0.0
362,and notify registered users and members via email.,1.0,0.0,0.0,0.0,0.0,0.0
363,This Privacy Policy is subject to change by JibJab from time to time.,0.0,1.0,0.0,0.0,0.0,0.0
364,we will post the changes on the JibJab Site(s) affected by such changes and notify registered users and members via email,1.0,0.0,0.0,0.0,0.0,0.0
365,we will post the changes on the JibJab Site(s),0.0,0.0,1.0,0.0,0.0,0.0
366,notify registered users and members via email,1.0,0.0,0.0,0.0,0.0,0.0
367,post a notice on this Website,0.0,0.0,1.0,0.0,0.0,0.0
368,We will post a notice on this Website if and when this policy changes to alert visitors that a new policy is in place.,0.0,0.0,1.0,0.0,0.0,0.0
369,We will post a notice on this Website,0.0,0.0,1.0,0.0,0.0,0.0
370,"Material that is, really important changes to the way we use or disclose personally identifiable information will apply on a going-forward basis, unless we have your express consent to change the way we use or disclose the personally identifiable information we collected when the earlier version of this Privacy Policy was in effect.  ",0.0,1.0,0.0,0.0,0.0,0.0
371,This Privacy Policy and your account settings,0.0,0.0,0.0,0.0,1.0,0.0
372,Please look at the Effective Date at the top of this Privacy Policy to see when this Privacy Policy was last revised.,0.0,0.0,0.0,1.0,1.0,0.0
373,notification,0.0,1.0,0.0,0.0,0.0,0.0
374,we will post a notice on our website,0.0,0.0,1.0,0.0,0.0,0.0
375,and / or send an email to users who have provided an email address,1.0,0.0,0.0,0.0,0.0,0.0
376,e will post a notice on our website,0.0,0.0,1.0,0.0,0.0,0.0
377,send an email to users who have provided an email address,1.0,0.0,0.0,0.0,0.0,0.0
378,notice on our website,0.0,0.0,1.0,0.0,0.0,0.0
379,"Changes to this Privacy Statement   The contents of this statement may be altered at any time, at our discretion.  ",0.0,1.0,0.0,0.0,0.0,0.0
380,"The contents of this statement may be altered at any time, at our discretion.",0.0,1.0,0.0,0.0,0.0,0.0
381,"we will post those changes to this Privacy Policy page,",0.0,0.0,0.0,0.0,1.0,0.0
382,"those changes to this Privacy Policy page,",0.0,0.0,0.0,0.0,1.0,0.0
383,"ther places we deem appropriate so our users are always aware of what information we collect, how we use it, and under what circumstances, if any, we disclose it.",0.0,0.0,0.0,1.0,0.0,0.0
384,"This Privacy Policy was most recently updated February 11, 2015.",0.0,0.0,0.0,0.0,1.0,0.0
385,"This page reflects the current policy at any given time. It may be updated occasionally. It was most recently updated on May 21, 2015.",0.0,0.0,0.0,0.0,1.0,0.0
386,"Last Updated on June 10, 2015",0.0,0.0,0.0,0.0,1.0,0.0
387,Any such changes will be posted on this page.,0.0,0.0,0.0,0.0,1.0,0.0
388,will be posted on this page thirty (30) days prior to taking effect and registered users will be notified via email.,1.0,0.0,0.0,0.0,0.0,0.0
389,the change will be posted on this page,0.0,0.0,0.0,0.0,1.0,0.0
390,posted to this Privacy Policy,0.0,0.0,0.0,0.0,1.0,0.0
391,changes will be posted to this Privacy Policy,0.0,0.0,1.0,0.0,0.0,0.0
392,Updated as of May 2014,0.0,0.0,0.0,0.0,1.0,0.0
393,We may update this Privacy Policy from time to time.,0.0,1.0,0.0,0.0,0.0,0.0
394,we will inform you of such change via emai,1.0,0.0,0.0,0.0,0.0,0.0
395,by posting a notice on relevant areas of the Services.,0.0,0.0,0.0,1.0,0.0,0.0
396,inform you of such change via email,1.0,0.0,0.0,0.0,0.0,0.0
397,posting a notice on relevant areas of the Services.,0.0,0.0,1.0,0.0,0.0,0.0
398,we will inform you of such change via email or by posting a notice on relevant areas of the Services.,0.0,1.0,0.0,0.0,0.0,0.0
399,"Last updated on October 1, 2013",0.0,0.0,0.0,0.0,1.0,0.0
400,"PLEASE READ THE FOLLOWING PRIVACY POLICY CAREFULLY. BY REGISTERING FOR OR USING OUR ONLINE SERVICES, YOU AGREE THAT (i) WE MAY TRANSFER, PROCESS, AND STORE YOUR ACCOUNT INFORMATION IN THE UNITED STATES OF AMERICA AND OTHER COUNTRIES THAT MAY HAVE DIFFERENT PRIVACY PROTECTIONS THAN YOUR COUNTRY; (ii) WE MAY PROCESS YOUR DATA IN ACCORDANCE WITH THE FOLLOWING PRIVACY POLICY; (iii) YOU ARE BOUND BY OUR PRIVACY POLICY; AND (iv) YOU WILL ABIDE BY OUR TERMS CONDITIONS, CODE OF CONDUCT, AND ANY OTHER POLICIES THAT MAY APPLY. THIS PRIVACY POLICY SUPPLEMENTS THE PRIVACY DISCLOSURES PROVIDED TO YOU WITH YOUR SOFTWARE PRODUCT AND/OR BY YOUR CONSOLE MANUFACTURER.  ",0.0,1.0,0.0,0.0,0.0,0.0
401,notify,1.0,0.0,0.0,0.0,0.0,0.0
402,or by means of a notice on our home page.,0.0,0.0,1.0,0.0,0.0,0.0
403,by email,1.0,0.0,0.0,0.0,0.0,0.0
404,"e will notify you here, by email, or by means of a notice on our home page.",1.0,0.0,0.0,0.0,1.0,0.0
405,"e will notify you here, by email, or by means of a notice on our home page",0.0,0.0,1.0,0.0,0.0,0.0
406,will be posted on this page,0.0,0.0,0.0,0.0,1.0,0.0
407,placing a prominent notice on our site,0.0,0.0,1.0,0.0,0.0,0.0
408,or sending a notice to the primary email address specified in your account.,1.0,0.0,0.0,0.0,0.0,0.0
409,by placing a prominent notice on our site,0.0,0.0,1.0,0.0,0.0,0.0
410,We will notify you of any significant or material changes in the way we treat your information by placing a prominent notice on our site,0.0,0.0,1.0,0.0,0.0,0.0
411,sending a notice to the primary email address specified in your account.,1.0,0.0,0.0,0.0,0.0,0.0
412,privacy policy link,0.0,0.0,0.0,0.0,1.0,0.0
413,notice will appear prominently on your front page,0.0,0.0,1.0,0.0,0.0,0.0
414,may only be highlighted by the privacy policy link in the footer of our website.,0.0,0.0,0.0,0.0,1.0,0.0
415,"Where the changes substantially alter your rights, notice will appear prominently on your front page.",0.0,0.0,1.0,0.0,0.0,0.0
416,More minor changes may only be highlighted by the privacy policy link in the footer of our website.,0.0,0.0,0.0,0.0,1.0,0.0
417,"Last revised on December 31, 2014",0.0,0.0,0.0,0.0,1.0,0.0
418,we will prominently post notice of the changes on ourCovered Sites.,0.0,0.0,1.0,0.0,0.0,0.0
