,Clause,Unspecified,None,User participation,Opt-in,Other,Opt-out
0,"Even if you do not opt-in to receive promotional information or you have opted-in and then later choose to opt-out, we reserve the right to contact you as necessary in our sole discretion regarding The Hill, any request you have made for services or products from The Hill, changes to this Privacy Policy and any other matters that may be relevant to the information we collect.  ",1.0,0.0,0.0,0.0,0.0,0.0
1,continued use,0.0,1.0,0.0,0.0,0.0,0.0
2," Changes To The Privacy Policy    This Privacy Policy is effective as of February 26th, 2014. We reserve the right to change this Privacy Policy at any time by notifying users. We may notify you by posting a notice on the Site or by contacting you through electronic mail or other means. Your continued use of the Site following the posting of changes to this Privacy Policy means you accept those changes.  ",1.0,0.0,0.0,0.0,0.0,0.0
3,Your continued use of the Site following the posting of changes to this Privacy Policy means you accept those changes.,0.0,0.0,1.0,0.0,0.0,0.0
4,"Live Nation Entertainment Privacy Policy - Your Privacy Rights   Effective July 20, 2012 (last updated October 08, 2013)  ",1.0,0.0,0.0,0.0,0.0,0.0
5,What we will do if there is an update to this policy.   From time to time we may change our privacy practices. We will notify you of any material changes to this policy as required by law. We will also post an updated copy on our website. Please check our site periodically for updates.,1.0,0.0,0.0,0.0,0.0,0.0
6,We will notify you of any material changes to this policy as required by law,1.0,0.0,0.0,0.0,0.0,0.0
7,"Last Updated on May 22, 2015",0.0,1.0,0.0,0.0,0.0,0.0
8,"We may change our Privacy Policy, so please check this page from time to time, as your continued use of the Online Services after we publish our changes, indicates your acceptance of any changed terms. You can tell when the Privacy Policy was last updated by reviewing the ""Last Updated"" date at the top of the page.  ",1.0,0.0,0.0,0.0,0.0,0.0
9,"s your continued use of the Online Services after we publish our changes, indicates your acceptance of any changed terms. You can tell when the Pri",0.0,1.0,0.0,0.0,0.0,0.0
10,"  communicate with you by mail, telephone, facsimile, e-mail, mobile alerts and SMS text messaging about NOTMC or our affiliates, including communications about your itineraries or purchases, your services, accounts, sweepstakes or contests you enter, your requests for information or other items, and to update you about changes to our Online Services  ",1.0,0.0,0.0,0.0,0.0,0.0
11,click here.,1.0,0.0,0.0,0.0,0.0,0.0
12,Conditions,1.0,0.0,0.0,0.0,0.0,0.0
13,"  Business Transfers: As we continue to develop our business, we might sell or buy stores, subsidiaries, or business units. In such transactions, customer information generally is one of the transferred business assets but remains subject to the promises made in any pre-existing Privacy Notice (unless, of course, the customer consents otherwise). Also, in the unlikely event that Amazon.com, Inc., or substantially all of its assets are acquired, customer information will of course be one of the transferred assets.  ",0.0,0.0,0.0,1.0,0.0,0.0
14,will still govern your use of Amazon.com,0.0,1.0,0.0,0.0,0.0,0.0
15,consent of affected customers.,0.0,0.0,0.0,1.0,0.0,0.0
16,our current Privacy Notice applies to all information that we have about you and your account.,1.0,0.0,0.0,0.0,0.0,0.0
17,ithout the consen,0.0,0.0,0.0,1.0,0.0,0.0
18," Does Disinformation Ever Make Changes to its Privacy Policy?    If we decide to change our Privacy Policy, we will post those changes to this privacy statement, the home page, and other places we deem appropriate so that you are aware of what information we collect, how we use it, and under what circumstances, if any, we disclose it. We reserve the right to modify this privacy statement at any time, so please review it frequently. If we make material changes to this policy, we will notify you here, by email, or by means of a notice on our home page. If you receive notification of a change in our Privacy Policy, you must review the new Privacy Policy carefully to make sure you understand our practices and procedures. You may not be able to receive notices from us if your cookies are not set to accept and/or are disabled.  ",1.0,0.0,0.0,0.0,0.0,0.0
19,"Last Updated, December 5, 2014 . To see what has changed click here.  ",1.0,0.0,0.0,0.0,0.0,0.0
20,"those notices will still govern your use of IMDb, and it is your responsibility to review them for changes.)",1.0,0.0,0.0,0.0,0.0,0.0
21,"unless you have instructed us not to, but you should check our Web site frequently to see recent changes.",0.0,0.0,0.0,0.0,1.0,0.0
22,"Our business changes constantly. This Notice and the Terms and Conditions of Use will change also, and use of information that we gather now is subject to the Privacy Notice in effect at the time of use. We may e-mail periodic reminders of our notices and conditions, unless you have instructed us not to, but you should check our Web site frequently to see recent changes. Unless stated otherwise, our current Privacy Notice applies to all information that we have about you and your account. We stand behind the promises we make, however, and will never materially change our policies and practices to make them less protective of customer information collected in the past without the consent of affected customers.",1.0,0.0,0.0,0.0,0.0,0.0
23,without the consent of affected customers.,0.0,0.0,0.0,1.0,0.0,0.0
24," Privacy Policy    Last Modified: June 19, 2015  ",1.0,0.0,0.0,0.0,0.0,0.0
25," 3. Use of Your Information by The Walt Disney Family of Companies    A memberof The Walt Disney Family of Companies, which includes many different brands, will be the data controller for your information. The relevant data controller(s) can be determined here. Other members of The Walt Disney Family of Companies may have access to your information where they perform services on behalf of the data controller(s) (as a data processor) and, unless prohibited under applicable law, for use on their own behalf (as a data controller) for the following purposes:     Provide you with the products and services you request    Communicate with you about your account or transactions with us and send you information about features on our sites and applications or changes to our policies    Consistent with local law and choices and controls that may be available to you:    Send you offers and promotions for our products and services or third-party products and services    Personalize content and experiences    Provide you with advertising based on your activity on our sites and applications and on third-party sites and applications. To learn more about how we use your information for personalization and tracking, please visit Online Tracking and Advertising.    Optimize or improve our products, services and operations    Detect, investigate and prevent activities that may violate our policies or be illegal  ",1.0,0.0,0.0,0.0,0.0,0.0
26," 9. Changes to this Privacy Policy    From time to time, we may change this privacy policy to accommodate new technologies, industry practices, regulatory requirements or for other purposes. We will provide noticeto you if these changes are material and, where required by applicable law, we will obtain your consent.  ",1.0,0.0,0.0,0.0,0.0,0.0
27,"where required by applicable law, we will obtain your consent.",0.0,0.0,0.0,1.0,1.0,0.0
28," Notice    Notice may be by email to you at the last email address you provided us, by posting notice of such changes on our sites and applications, or by other means, consistent with applicable law.  ",1.0,0.0,0.0,0.0,0.0,0.0
29," Privacy Policy    Posted: Tuesday, September 18, 2012 12:29 pm    Updated: Thursday, May 21, 2015 3:22 pm.     Our commitment to you    The Frederick News-Post and its owner, Randall Family, LLC (collectively, ""The News-Post""), recognize the importance of protecting the privacy of personally identifiable information collected about you, our customers. This customer privacy policy is intended to outline our legitimate business interests in collecting and using information and your reasonable expectations of privacy.  ",1.0,0.0,0.0,0.0,0.0,0.0
30," Privacy Policy Changes    If we decide to change our privacy policy, we will post these changes here so that you will always know what information we gather, how we might use that information and whether we will disclose it to anyone. If, at any time, you have questions or concerns about The News-Post's privacy policy, please feel free to e-mail us at webmaster@newspost.com or call 301-662-1177 and speak to our Director of Online Operations.  ",1.0,0.0,0.0,0.0,0.0,0.0
31,Use of the website subsequent to such posting shall constitute your agreement to all such amendments.,0.0,0.0,1.0,0.0,0.0,0.0
32,"Revised May 3, 2012.  ",1.0,0.0,0.0,0.0,0.0,0.0
33,"If you do not agree to the terms of this Privacy Policy, please do not use the Site and exit immediately. We reserve the right to modify or amend the terms of this Privacy Policy from time to time. Your continued use of the Site following the posting of changes to these terms means that you accept those changes. We will give you notice of the revised Privacy Policy by posting the revised policy on the Site and by revising the ""effective date"" set forth above.  ",1.0,0.0,0.0,0.0,0.0,0.0
34,Your continued use of the Site following the posting of changes to these terms means that you accept those changes.,0.0,1.0,0.0,0.0,0.0,0.0
35,"If you do not agree to the terms of this Privacy Policy, please do not use the Site and exit immediately. We reserve the right to modify or amend the terms of this Privacy Policy from time to time. Your continued use of the Site following the posting of changes to these terms means that you accept those changes.",0.0,1.0,0.0,0.0,0.0,0.0
36,Your use of the Services or your provision of personal information to use the Services following such changes indicates your acceptance of the revised Privacy Policy.,0.0,1.0,1.0,0.0,0.0,0.0
37," Changes to Our Privacy Policy    We may modify this Privacy Policy from time to time. We will notify you of changes by posting changes here, or by other appropriate means. Any changes to the Privacy Policy will become effective when the updated policy is posted on the Services. Your use of the Services or your provision of personal information to use the Services following such changes indicates your acceptance of the revised Privacy Policy.  ",1.0,0.0,0.0,0.0,0.0,0.0
38,"Each time you visit the Site or provide us with information, by doing so you are accepting the practices described in this privacy policy at that time.",0.0,0.0,1.0,0.0,0.0,0.0
39,Not selected,1.0,0.0,0.0,0.0,0.0,0.0
40,This document was last revised on 09/29/2011,1.0,0.0,0.0,0.0,0.0,0.0
41,By using the Service you consent to this use and any other use of information identified in this Privacy Policy.,0.0,0.0,1.0,0.0,0.0,0.0
42,our continued use of the Website following the posting of changes to this Privacy Policy will constitute acceptance of those changes,0.0,1.0,0.0,0.0,0.0,0.0
43, Changes to Our Privacy Policy    We reserve the right to change this Privacy Policy at any time. Please check this page periodically for changes. Your continued use of the Website following the posting of changes to this Privacy Policy will constitute acceptance of those changes. Information collected prior to the time any change is posted will be used according to the rules and law that applied at the time the information was collected.  ,1.0,0.0,0.0,0.0,0.0,0.0
44,Your continued use of the Website following the posting of changes to this Privacy Policy will constitute acceptance of those changes.,0.0,0.0,1.0,0.0,0.0,0.0
45,"By using any of our sites and providing us with your information, you agree to the terms of this Privacy Policy. If you do not agree to this Privacy Policy, you should not use or access any of our sites. Additionally, this Privacy Policy incorporates all of the terms, conditions, and provisions of the TEN Terms of Use, which are posted on our sites. If you do not agree with the TEN Terms of Use, you should not use or access any of our sites.",0.0,0.0,1.0,0.0,0.0,0.0
46,Your continued use of the respective site means you accept the updated Privacy Policy.,1.0,1.0,1.0,0.0,0.0,0.0
47,"Last Update May 24, 2014",0.0,0.0,1.0,0.0,0.0,0.0
48,Your continued use of our Sites following the posting of changes to these terms will mean you accept those changes.,0.0,1.0,0.0,0.0,0.0,0.0
49,"We will not, however, materially change our policies and practices to make them less protective of personal information we have previously collected from you without your express consent.",0.0,0.0,0.0,1.0,0.0,0.0
50," Changes to This Privacy Policy    As our Sites continue to develop, we may add new services and features to them. In the event that these additions affect our Privacy Policy, or if other changes in our privacy practices or applicable laws necessitate changes to the Privacy Policy, this document will be updated accordingly. If we make a material change in the way we use your personal information, we will provide prominent notice of the change on the Sites. We will not, however, materially change our policies and practices to make them less protective of personal information we have previously collected from you without your express consent.  ",1.0,0.0,0.0,0.0,0.0,0.0
51,"By visiting our Sites, you are accepting the practices described in our privacy policy, including our use of cookies and similar online tools. If you do not agree to the terms of this privacy policy, please do not use the Sites. We reserve the right to modify or amend the terms of our privacy policy from time to time without notice. Your continued use of our Sites following the posting of changes to these terms will mean you accept those changes. If we intend to apply the modifications or amendments to this privacy policy retroactively or to personally identifiable information already in our possession, we will provide you with notice of the modifications or amendments and seek your consent for such use.   What Information Is Collected?    How Do the Sites Use Cookies and Other Tracking Technologies?    How Do We Use Your Information?    Who Can See Your Information?    What Are Your Choices?    Other Important Information    Governing Law & Notice to Non-U.S. Users    Questions About this Policy; Access to Your Information  ",1.0,0.0,0.0,0.0,0.0,0.0
52,eek your consent for such use.,0.0,0.0,0.0,1.0,0.0,0.0
53,seek your consent for such use.,0.0,0.0,0.0,1.0,0.0,0.0
54,"Privacy Policy Last modified: June 30, 2015 ( view archived versions)",1.0,0.0,0.0,0.0,0.0,0.0
55,Our Privacy Policy may change from time to time,1.0,0.0,0.0,0.0,0.0,0.0
56,without your explicit consent,0.0,0.0,0.0,1.0,0.0,0.0
57,We will post any privacy policy changes on this page,1.0,0.0,0.0,0.0,0.0,0.0
58,"if the changes are significant, we will provide a more prominent notice",1.0,0.0,0.0,0.0,0.0,0.0
59,your explicit consent,0.0,0.0,0.0,1.0,0.0,0.0
60,We will not reduce your rights under this Privacy Policy without your explicit consent.,0.0,0.0,0.0,1.0,0.0,0.0
61," Privacy Policy    Effective Date: April 1, 2015  ",1.0,0.0,0.0,0.0,0.0,0.0
62,"To review the prior version of Barnes & Noble's Privacy Policy, please click here.  ",1.0,0.0,0.0,0.0,0.0,0.0
63,"These current privacy policies and the privacy practices described herein apply to personal information previously collected from you by Barnes & Noble, Inc. and each of its subsidiaries, as well as personal information that they may collect from you in the future.  ",1.0,0.0,0.0,0.0,0.0,0.0
64,"These current privacy policies and the privacy practices described herein apply to personal information previously collected from you by Barnes & Noble, Inc. and each of its subsidiaries, as well as personal information that they may collect from you in the future.",0.0,0.0,1.0,0.0,0.0,0.0
65,"Barnes & Noble reserves the right to modify or amend this Privacy Policy at any time, but you can be assured that, should it be necessary to do so, we will always do so in accordance with the Barnes & Noble Privacy Principles of Clarity, Security and Integrity. You will be notified of any material changes to this Privacy Policy which are less protective of customer information prior to such changes becoming effective. We may notify you of these changes by email reminders, by notice on this site, or by other acceptable means. We encourage you to periodically review this page for the latest information on our privacy practices.  ",1.0,0.0,0.0,0.0,0.0,0.0
66,"You will be notified of any material changes to this Privacy Policy which are less protective of customer information prior to such changes becoming effective. We may notify you of these changes by email reminders, by notice on this site, or by other acceptable means.",0.0,0.0,1.0,0.0,0.0,0.0
67,"Sales, mergers, and acquisitions . If Barnes & Noble becomes involved in a merger, acquisition, restructuring, reorganization, or any form of sale or other disposition of some or all of its assets, personal information and your transaction history may be provided to the entities and advisors involved subject to a confidentiality agreement, and we will provide notice to you at your email address on file before any personal information is finally transferred and becomes subject to a different privacy policy. Such a transaction may involve us (i) retaining the right to continue to use transferred personal information in addition to the right of the transferee to use such information, and (ii) engaging in additional transfers of personal information (including new personal information) with the transferee from time to time following such a transaction.  ",1.0,0.0,0.0,0.0,0.0,0.0
68,Users will be notified of any privacy policy changes:     On our Privacy Policy Page  ,1.0,0.0,0.0,0.0,0.0,0.0
69,"Contacting Us   If there are any questions regarding this privacy policy you may contact us using the information below.   204 E. 5th Street   South Pittsburg, TN 37380   United States   info@lodgemfg.com   423.837.7181   Last Edited on 10/2014  ",1.0,0.0,0.0,0.0,0.0,0.0
70,It shall be construed that you accept and agree with the revised or updated privacy policy when you access and use the website for the first time after the publication of such changes.,0.0,0.0,0.0,0.0,1.0,0.0
71," Everyday Health Privacy Policy    This Policy was last changed on October 24, 2014  ",1.0,0.0,0.0,0.0,0.0,0.0
72,"By visiting this Site or using the Services, you are accepting the policies and practices described in this Policy. Each time you visit the Site or use the Services, you agree and expressly consent to our collection, use and disclosure of the information that you provide as described in this Policy.",0.0,0.0,1.0,0.0,0.0,0.0
73,"Your continued use of the Site or Services after this Policy has been amended shall be deemed to be your continued acceptance of the terms and conditions of the Policy, as amended.",0.0,1.0,0.0,0.0,0.0,0.0
74," 11. How To Contact Us    If you have any questions regarding privacy or this Policy, you may contact us as follows: Telephone: 888-795-4719 Email: privacy@everydayhealth.com Address: Everyday Health, LLC 345 Hudson Street, 16th Floor New York, NY 10014    12. Privacy Policy Changes    We reserve the right to change, modify, add or remove portions of this Policy at any time and without prior notice, and any changes will become effective immediately upon being posted unless we advise you otherwise. Your continued use of the Site or Services after this Policy has been amended shall be deemed to be your continued acceptance of the terms and conditions of the Policy, as amended. We encourage you to bookmark this Web page and review this Policy regularly.",1.0,0.0,0.0,0.0,0.0,0.0
75," Privacy Policy    Last updated and effective as of April 28, 2014  ",1.0,0.0,0.0,0.0,0.0,0.0
76,continued use of any of the Sites or the Services after the effective date of the revisions means that you accept and agree to any such revisions.,0.0,1.0,0.0,0.0,0.0,0.0
77,Your continued use of any of the Sites or the Services after the effective date of the revisions means that you accept and agree to any such revisions.,0.0,0.0,1.0,0.0,0.0,0.0
78," What is the effective date of this Policy and when does this policy apply?    This Policy is effective as of the date set out above. We reserve the right to modify this Policy at any time, and such revisions will become effective upon the earlier of (a) posting of the revisions to the Sites, or (b) distribution by electronic mail. Your continued use of any of the Sites or the Services after the effective date of the revisions means that you accept and agree to any such revisions. This Policy applies solely to our on-line information gathering and disclosure practices in connection with the Sites, and does not apply to any of our practices conducted off-line.  ",1.0,0.0,0.0,0.0,0.0,0.0
79,"  Asset Transfers. If we become involved in a merger, acquisition, or other transaction involving the sale of some or all of our assets, or in the event of an insolvency or bankruptcy, the information, including personally-identifiable information, collected from you through your use of the Sites, may be included in the transferred assets. Should such an event occur, we will use reasonable measures to notify you, either through e-mail and/or a prominent notice on the Sites.  ",1.0,0.0,0.0,0.0,0.0,0.0
80," Notification of Changes.    If we make an important change to this Privacy Policy, we will post a notification and link on our Website's homepage and within our Applications, Mobile Games and Social Games so that you may review the updated policy.  ",1.0,0.0,0.0,0.0,0.0,0.0
81,We encourage you to read this Policy.,1.0,0.0,0.0,0.0,0.0,0.0
82," Changes to this Policy    Food Allergy Research & Education reserves the right to change this Policy at any time. To better serve you and your concerns about your privacy, we will notify you of any changes to this Policy by posting a notice prominently on the main page of our website (http://www.foodallergy.org) indicating that there has been a change or update to the Privacy Policy. We encourage you to read this Policy.  ",1.0,0.0,0.0,0.0,0.0,0.0
83,All changes to this policy will be posted on the IFSA-Butler website. We encourage you to periodically review this policy to remain up to date on our privacy practices,0.0,1.0,0.0,0.0,0.0,0.0
84,We reserve the right to modify the contents of this privacy policy as needed. All changes to this policy will be posted on the IFSA-Butler website. We encourage you to periodically review this policy to remain up to date on our privacy practices.,1.0,0.0,0.0,0.0,0.0,0.0
85, Changes to this Policy   We reserve the right to modify the contents of this privacy policy as needed. All changes to this policy will be posted on the IFSA-Butler website. We encourage you to periodically review this policy to remain up to date on our privacy practices.  ,1.0,0.0,0.0,0.0,0.0,0.0
86,they will be given choice consistent with our notification of changes section.,0.0,0.0,0.0,1.0,0.0,0.0
87,"If we decide to change our privacy policy, we will post those changes to this privacy statement, the homepage, and other places we deem appropriate so our users are always aware of what information we collect, how we use it, and under what circumstances, if any, we disclose it. We will use information in accordance with the privacy policy under which the information was collected.",1.0,0.0,0.0,0.0,0.0,0.0
88,and other places we deem appropriate,1.0,0.0,0.0,0.0,0.0,0.0
89,Users will have a choice as to whether or not we use their information in this different manner.,0.0,0.0,0.0,1.0,0.0,0.0
90,"if we make any material changes in our privacy practices that do not affect user information already stored in our database, we will post a prominent notice on our Web site notifying users of the change. In some cases where we post a notice we will also email users, who have opted to receive communications from us, notifying them of the changes in our privacy practices.",1.0,0.0,0.0,0.0,0.0,0.0
91,choice as to whether or not we use their information in this different manner,0.0,0.0,0.0,1.0,0.0,0.0
92,"Last updated: June 23, 2015",1.0,0.0,0.0,0.0,0.0,0.0
93,Changes to This Privacy Policy and Additional Information,1.0,0.0,0.0,0.0,0.0,0.0
94,"We may update this Privacy Policy from time to time, and so you should review this Policy periodically. If there are significant changes to AOL's information practices, you will be provided with appropriate online notice.",1.0,0.0,0.0,0.0,0.0,0.0
95,Any updated version of this privacy policy will be effective as soon as it is posted on our Sites.,0.0,1.0,0.0,0.0,0.0,0.0
96,"By continuing to use the Site after we post any such changes, you accept the Privacy Notice as modified.",0.0,1.0,1.0,0.0,0.0,0.0
97,"Please read this Privacy Notice carefully. By visiting and using the Site, you agree that your use of our Site, and any dispute over our online privacy practices, is governed by this Privacy Notice and our Terms of Service. Because the Web is an evolving medium, we may need to change our Privacy Notice at some point in the future, in which case we'll post the revised Privacy Notice on this website and update the ""Last Updated"" date to reflect the date of the changes. By continuing to use the Site after we post any such changes, you accept the Privacy Notice as modified. Your access of the Site for the limited and exclusive purpose of reviewing this Privacy Notice does not constitute your acceptance of this Notice unless you make any further access or use of our Site.  ",1.0,0.0,0.0,0.0,0.0,0.0
98,"Privacy Policy - Your Privacy Rights   Last revised: January 07, 2014  ",1.0,0.0,0.0,0.0,0.0,0.0
99,"This Privacy Policy explains what information we collect, how we use it, how other companies may use it, and tracking technologies used to collect information. If we make any material changes to our privacy practices, we will post a revised Privacy Policy on this page. If you have any questions, please contact us by sending an email here http://content.dictionary.com/about/contact or writing to Dictionary.com LLC, ATTN: Legal Department, 555 12th Street, 5th Floor, Oakland, CA 94607.  ",1.0,0.0,0.0,0.0,0.0,0.0
100,"If we make any material changes to our privacy practices, we will post a revised Privacy Policy on this page. I",1.0,0.0,0.0,0.0,0.0,0.0
101,Your use of the Websites constitutes your acceptance of this Privacy Policy.,0.0,0.0,1.0,0.0,0.0,0.0
102,continued,0.0,1.0,0.0,0.0,0.0,0.0
103,"6. Changes To The Privacy Policy   This Privacy Policy is effective as of June 2012. We reserve the right to change this Privacy Policy at any time. We do not undertake to provide you with personal notice of any changes. In the event of material changes, we will provide notice by means that are reasonable under the circumstances, such as by posting a notice on the Websites. Your continued use of the Websites following the posting of changes to this Privacy Policy means you accept those changes.  ",1.0,0.0,0.0,0.0,0.0,0.0
104,Your continued use of the Websites following the posting of changes to this Privacy Policy means you accept those changes.,0.0,0.0,1.0,0.0,0.0,0.0
105," Changes to this Privacy Policy    This Privacy Policy may be changed by Time Inc. The revised Privacy Policy will be posted to this page so that you are aware of the information we collect, how we use it, and under what circumstances we may disclose it.  ",1.0,0.0,0.0,0.0,0.0,0.0
106,"This Privacy Policy was revised Jan. 2, 2014.",1.0,0.0,0.0,0.0,0.0,0.0
107,We encourage you to periodically review this statement to be informed of how we are protecting your information.,1.0,0.0,0.0,0.0,0.0,0.0
108,"This policy is current as of its last revision date. However, please note that this policy may be amended from time to time to reflect changes and additions to the privacy policy. Please check back for the most current version before relying on any of the provisions in this privacy policy.  ",1.0,0.0,0.0,0.0,0.0,0.0
109,Revision Date: March 24th 2015,1.0,0.0,0.0,0.0,0.0,0.0
110,"This privacy policy applies to our sites and services on which we display or post a direct link to this privacy policy. This privacy policy does not apply to those sites and services that do not display or link to this privacy policy, or that have their own privacy policies. However, we often acquire new companies to expand our business. Some acquired companies may operate under their own privacy policies until we integrate their privacy practices with ours.  ",1.0,0.0,0.0,0.0,0.0,0.0
111,"obtain consent from a parent or guardian before we collect, use and disclose the personal information",0.0,0.0,0.0,1.0,0.0,0.0
112,"If you disagree with any changes to this privacy policy and do not wish your information to be subject to the revised privacy policy, you will need to deactivate your account or terminate your services",0.0,1.0,0.0,0.0,0.0,0.0
113,"We may revise this privacy policy from time to time and, if we do, we will update it on this page and modify the ""LastUpdated"" date. If",1.0,0.0,0.0,0.0,0.0,0.0
114,"If our information practices change in a significant way, we will provide a more prominent notice.",1.0,0.0,0.0,0.0,0.0,0.0
115,"If you disagree with any changes to this privacy policy and do not wish your information to be subject to the revised privacy policy, you will need to deactivate your account or terminate your services. Your use of our sites and services following any such change constitutes your agreement that all information collected from or about you through our sites and services after the revised privacy policy is posted will be subject to the terms of the revised privacy policy.",0.0,0.0,1.0,0.0,0.0,0.0
116,"If you disagree with any changes to this privacy policy and do not wish your information to be subject to the revised privacy policy, you will need to deactivate your account or terminate your services.",0.0,0.0,0.0,0.0,0.0,1.0
117,"Last Updated: October 3, 2014 s",0.0,0.0,1.0,0.0,0.0,0.0
118,"The Motley Fool, LLC (""The Motley Fool"" or ""we"" or ""us"") is committed to protecting and respecting your privacy. This Privacy Statement sets out our privacy practices and explains what we do with the personal information that we collect from you on www.fool.com. Please read the following to understand our practices regarding personal information and how they affect you as you use our features and services. This statement discloses our current privacy practices; if we make material changes to these practices, we will announce them and notify you via email.  ",1.0,0.0,0.0,0.0,0.0,0.0
119,"if we make material changes to these practices, we will announce them and notify you via email.",1.0,0.0,0.0,0.0,0.0,0.0
120,How will you know whether The Motley Fool's privacy policy has changed-,1.0,0.0,0.0,0.0,0.0,0.0
121,any choices you may have regarding your personal information.,1.0,0.0,0.0,0.0,0.0,0.0
122," How Will You Know Whether The Motley Fool's Privacy Policy Has Changed-    We may change this Privacy Statement at any time, but we will give notice of any material change (or any notices that we are required to give you) on our websites and/or in email messages prior to the change becoming effective. We encourage you to periodically review this page for the latest information on our privacy.  ",1.0,0.0,0.0,0.0,0.0,0.0
123,"We may change this Privacy Statement at any time, but we will give notice of any material change (or any notices that we are required to give you) on our websites and/or in email messages prior to the change becoming effective.",1.0,0.0,0.0,0.0,0.0,0.0
124,We encourage you to periodically review this page for the latest information on our privacy,1.0,0.0,0.0,0.0,0.0,0.0
125,"Last Updated: December 1st, 2014",1.0,0.0,0.0,0.0,0.0,0.0
126,MediaNews may change this privacy policy from time to time. The revised policy will be posted on the MediaNews Web site. Please check this page periodically for changes.  ,1.0,0.0,0.0,0.0,0.0,0.0
127,"MediaNews may change this privacy policy from time to time. The revised policy will be posted on the MediaNews Web site. Please check this page periodically for changes. If you have any questions, comments or concerns regarding our privacy policy and/or practices, please contact the Privacy Coordinator using the contact information provided below. Please reference the applicable site. Privacy Coordinator MediaNews Group, Interactive 101 W. Colfax Ave., Suite 950 Denver, CO 80202 privacycoordinator@medianewsgroup.com (303) 563-6401",1.0,0.0,0.0,0.0,0.0,0.0
128,"Your continued use of the Site constitutes your agreement to abide by the Privacy Policy as changed. If you object to any such changes, your sole recourse shall be to cease using the Site.",0.0,1.0,1.0,0.0,0.0,0.0
129,"If you object to any such changes, your sole recourse shall be to cease using the Site",0.0,1.0,0.0,0.0,0.0,0.0
130,"We may change the terms of this privacy statement at any time, and your continued use of this site is your agreement to any change in terms.",0.0,1.0,0.0,0.0,0.0,0.0
131,your continued use of this site is your agreement to any change in terms,0.0,1.0,0.0,0.0,0.0,0.0
132,"Last Updated: September 1, 2013  ",1.0,0.0,0.0,0.0,0.0,0.0
133,"By using the Site, you consent to the collection and use of your information by the Post-Gazette in accordance with this Privacy Policy. If we decide to change our Privacy Policy, we will post those changes on this page. Policy changes will apply to information collected after the date of the change.  ",1.0,0.0,0.0,0.0,0.0,0.0
134,Policy changes will apply to information collected after the date of the change.,1.0,0.0,0.0,0.0,0.0,0.0
135," Privacy Policy Statement     Revised May 29, 2015    Thank you for choosing Allstate. We value you, respect your privacy and work hard to protect your personal information.  ",1.0,0.0,0.0,0.0,0.0,0.0
136, Changes to the Online Privacy Policy    We may modify our privacy policy from time to time. Please take a look at the revised date at the top of this page to see when this Privacy Policy was last revised. Each of our customers receives a copy of our privacy policy annually.  ,1.0,0.0,0.0,0.0,0.0,0.0
137,"We hope you have found this Important Notice helpful. If you are not comfortable with any of the terms or policies described in this Privacy Statement, we ask that you discontinue use of our site. Please be aware that we may periodically update or revise this Privacy Statement. If we make a material change to our online Privacy Statement, we will post a notice on our homepage notifying users that the policy has been revised.  ",1.0,0.0,0.0,0.0,0.0,0.0
138,"If you are not comfortable with any of the terms or policies described in this Privacy Statement, we ask that you discontinue use of our site.",0.0,1.0,0.0,0.0,0.0,0.0
139," We May Change These Terms    Whether or not you have viewed our terms and conditions of use of our Websites, or this Privacy Policy, and whether or not you have chosen to not receive notices from us, those terms and notices will still govern your use of Gamestop.com. As is the case with any business, our business changes over time, and our privacy notice and the Terms and Conditions of Use may be updated or changed at any time, as we deem appropriate. We may email reminders of our notices and conditions. You should frequently check our website to see recent changes to these terms and policies. Unless stated otherwise, our current privacy notice applies to all information that we have about you and your account.",1.0,0.0,0.0,0.0,0.0,0.0
140,"as we deem appropriate. We may email reminders of our notices and conditions. You should frequently check our website to see recent changes to these terms and policies. Unless stated otherwise, our current privacy notice applies to all information that we have about you and your account.",1.0,0.0,0.0,0.0,0.0,0.0
141,"Whether or not you have viewed our terms and conditions of use of our Websites, or this Privacy Policy, and whether or not you have chosen to not receive notices from us, those terms and notices will still govern your use of Gamestop.com.",0.0,1.0,0.0,0.0,0.0,0.0
142,"By visiting the Site(s) or using any of the Curse Features, you consent to Curse' collection, use, storage, deletion and disclosure of information relating to you as set forth in this Privacy Policy.",0.0,0.0,1.0,0.0,0.0,0.0
143, Notification of Changes    This Privacy Policy may change from time to time and we will post all changes on this page.  ,1.0,0.0,0.0,0.0,0.0,0.0
144,and have the right to be removed prior to the disclosure.,0.0,0.0,0.0,0.0,0.0,1.0
145,"ACCEPTANCE OF THESE TERMS Your use of the Science Website shall indicate your understanding and acceptance of the terms of this Privacy Statement. If you do not agree with all of the terms herein, you should not use the Science Website or services.",0.0,0.0,1.0,0.0,0.0,0.0
146,02-326-6417 and speak to one of our representatives.,1.0,0.0,0.0,0.0,0.0,0.0
147,"If we decide to change our Privacy Statement for the Science websites, we will post those changes here so that you will always know what information we gather, how we might use that information, and to whom we will disclose it.",1.0,0.0,0.0,0.0,0.0,0.0
148,"and, if necessary, give you additional choices regarding changes. Please check this privacy policy from time to time to ensure that you are aware of these changes. Your continued use of our websites or other SCEA online portals subject to this privacy policy will signify your acceptance of privacy policy changes.",1.0,0.0,0.0,0.0,0.0,0.0
149,"if necessary, give you additional choices regarding changes.",0.0,0.0,1.0,0.0,0.0,0.0
150,Your continued use of our websites or other SCEA online portals subject to this privacy policy will signify your acceptance of privacy policy changes.,0.0,1.0,0.0,0.0,0.0,0.0
151,"Effective Date: March 5, 2014",1.0,0.0,0.0,0.0,0.0,0.0
152,Changes to this Privacy Policy,1.0,0.0,0.0,0.0,0.0,0.0
153,To notify you about changes to our Services,1.0,0.0,0.0,0.0,0.0,0.0
154,  To notify you about changes to our Services  ,1.0,0.0,0.0,0.0,0.0,0.0
155,"14. CHANGES TO THIS PRIVACY POLICY   It is our policy to post any changes we make to our Privacy Policy on this page (with a notice that the Privacy Policy has been updated on the home pages of the Websites). If we make material changes to how we treat our users information, we will notify you by e-mail to the primary e-mail address specified in your account and through a notice on the home pages of the Websites. The date the Privacy Policy was last revised is identified at the top of the page. You are responsible for ensuring we have an up-to-date active and deliverable e-mail address for you, and for periodically visiting our Websites and this Privacy Policy to check for any changes.  ",1.0,0.0,0.0,0.0,0.0,0.0
156,It is our policy to post any changes we make to our Privacy Policy on this page,1.0,0.0,0.0,0.0,0.0,0.0
157,"If we make material changes to how we treat our users information,",1.0,0.0,0.0,0.0,0.0,0.0
158,Your continued use,0.0,0.0,0.0,0.0,1.0,0.0
159,Your continued use of the Services after such modifications will constitute your: (a) acknowledgment of the modified Privacy Policy; and (b) agreement to abide and be bound by the modified Privacy Policy.,0.0,0.0,1.0,0.0,0.0,0.0
160,continued use of the Services after such modifications will constitute your: (a) acknowledgment of the modified Privacy Policy; and (b) agreement to abide and be bound by the modified Privacy Policy,0.0,1.0,0.0,0.0,0.0,0.0
161,"If we make material changes to how we use Personal Information collected from children under 13, we will notify parents by email in order to obtain verifiable parental consent for the new uses of their childs Personally Identifiable Information.",1.0,0.0,0.0,0.0,0.0,0.0
162,n order to obtain verifiable parental consent for the new uses of their childs Personally Identifiable Information,1.0,0.0,0.0,0.0,0.0,0.0
163,"Effective Date   This Privacy Policy is effective as of October 27, 2007 and will remain in effect unless changed. UpToDate may modify this Privacy Policy at any time, and such modifications shall be effective immediately upon posting of the modified Privacy Policy on the Website.  ",1.0,0.0,0.0,0.0,0.0,0.0
164,"Last Revised: December 23, 2013   To jump to our Privacy Policy, click here   To opt-out of Third Party Tracking Technologies, click here   To opt-out of Third Party Sharing, click here   If you have a complaint about another user, click here   Kids and parents click here  ",1.0,0.0,0.0,0.0,0.0,0.0
165,"The ACC website consists of several web servers. Some servers hosted by ACC may adopt different privacy statements as their specific needs require. If another ACC web server has a privacy statement that is different from this statement, that policy will be posted on their site.  ",1.0,0.0,0.0,0.0,0.0,0.0
166,"By using the Site, you are accepting the practices described in this Privacy Statement, as modified by us from time to time. If we change this Privacy Statement, we will post a notice on the home page of www.cariboucoffee.com and change the date at the top of this Privacy Statement, so that you are always aware of the information that we collect and how we use it. Therefore, we encourage you to check this page periodically for updates or changes whenever you visit the Site.  ",1.0,0.0,0.0,0.0,0.0,0.0
167,"By using the Site,",1.0,0.0,0.0,0.0,0.0,0.0
168,"by continuing to use the Site following the posting of any changes, you agree to be bound by such modified Privacy Statement.",0.0,1.0,0.0,0.0,0.0,0.0
169,"All changes will become effective when posted, and by continuing to use the Site following the posting of any changes, you agree to be bound by such modified Privacy Statement.",0.0,1.0,0.0,0.0,0.0,0.0
170," Modifications to Privacy Statement    We continue to review our policies and procedures to assure that they are effective in meeting our commitments to our Merchants. Chase Paymentech reserves the right to change this Privacy Statement without notice at any time and from time to time, including as needed to comply with the rules and regulations of the various debit and credit card organizations, or to comply with applicable local, state and federal laws and regulations.  ",1.0,0.0,0.0,0.0,0.0,0.0
171,Your continued use of pbs.org following the posting of any changes to these terms shall signify your acceptance of those changes,0.0,1.0,0.0,0.0,0.0,0.0
172,Last Updated: March 2015,1.0,0.0,0.0,0.0,0.0,0.0
173,Your continued use of our website following the posting of changes to our privacy policy will mean that you accept such changes.,0.0,1.0,1.0,0.0,0.0,0.0
174,Your continued use of our website following the posting of changes to our privacy policy will mean that you accept such changes,0.0,1.0,0.0,0.0,0.0,0.0
175,"This Privacy Policy is effective as of February 6, 2009.",1.0,0.0,0.0,0.0,0.0,0.0
176,Account and Service-Related Email. SIDEARM Sports reserves the right to send you email relating to your account status.,0.0,1.0,0.0,0.0,0.0,0.0
177,and will not affect children's personal information previously collected.,0.0,0.0,0.0,0.0,1.0,0.0
178,the change will be posted on this page thirty (30) days prior to taking effect,0.0,0.0,0.0,0.0,0.0,1.0
179,"Important Update In September 2012, we announced that Instagram had been acquired by Facebook. We knew that by teaming up with Facebook, we could build a better Instagram for you. Since then, we've been collaborating with Facebook's team on ways to do just that. As part of our new collaboration, we've learned that by being able to share insights and information with each other, we can build better experiences for our users.",1.0,0.0,0.0,0.0,0.0,0.0
180,"We're updating our Privacy Policy to highlight this new collaboration,",1.0,0.0,0.0,0.0,0.0,0.0
181,"Our new Privacy Policy is effective on January 19, 2013. To learn about how we treat information collected prior to January 19, 2013, please click here.",1.0,0.0,0.0,0.0,0.0,0.0
182,"Effective date: January 19, 2013",1.0,0.0,0.0,0.0,0.0,0.0
183,Your continued use of Instagram or the Service after any modification to this Privacy Policy will constitute your acceptance of such modification.,0.0,1.0,1.0,0.0,0.0,0.0
184,You agree that we may notify you about material changes in the way we treat personal information by placing a notice on our online services. You should check our online services frequently for updates.,1.0,0.0,0.0,0.0,0.0,0.0
185,"By continuing to use this online service following such changes, you will be deemed to have agreed to such changes. If you do not agree with the terms of this Privacy Policy, as it may be amended from time to time, in whole or in part, please do not continue using our online services.",0.0,1.0,0.0,0.0,0.0,0.0
186," Changes to this policy.    Tribune Company reserves the right to change this policy at any time. Please check this page periodically for changes. Your continued use of the Services following the posting of changes to this policy will mean you accept those changes. If we make any material changes to this Privacy Policy, we will post the updated Privacy Policy here and notify you by email or by means of a notice on our website.  ",1.0,0.0,0.0,0.0,0.0,0.0
187,ur continued use of the Services following the posting of changes to this policy will mean you accept those changes,0.0,1.0,0.0,0.0,0.0,0.0
188,Your continued use of the Services following the posting of changes to this policy will mean you accept those changes.,0.0,0.0,1.0,0.0,0.0,0.0
189,"We reserve the right to modify this privacy policy at any time, so please periodically review it.",1.0,0.0,0.0,0.0,0.0,0.0
190,give you the opportunity to decline that use.,0.0,0.0,0.0,0.0,0.0,1.0
191,and give you the opportunity to decline that use.,0.0,0.0,0.0,0.0,0.0,1.0
192,"so that you will always know what information we gather, how we might use that information, and whether we will disclose it to anyone.",1.0,0.0,0.0,0.0,0.0,0.0
193," Changes to this Privacy Statement    If a material change is made to this Privacy Statement and/or the way we use our customers' personally identifiable information, a prominent notice of the nature of the change will be posted on this Privacy Statement and the current subscribers will be notified as soon as possible.  ",1.0,0.0,0.0,0.0,0.0,0.0
194,"Changes to this Privacy Statement If a material change is made to this Privacy Statement and/or the way we use our customers' personally identifiable information, a prominent notice of the nature of the change will be posted on this Privacy Statement and the current subscribers will be notified as soon as possible.",1.0,0.0,0.0,0.0,0.0,0.0
195, How Will I Know if this Policy Changes?    We will provide additional notice of significant updates. We will post the date our Policy was last updated at the top of the Privacy Policy.  ,1.0,0.0,0.0,0.0,0.0,0.0
196,Please check our Privacy Policy periodically for changes. We will provide additional notice of significant updates. We will post the date our Policy was last updated at the top of the Privacy Policy.,1.0,0.0,0.0,0.0,0.0,0.0
197,We will notify you about significant changes in the way we treat personal information by sending a notice to the primary email address specified in your Yahoo account,1.0,0.0,0.0,0.0,0.0,0.0
198,or by placing a prominent notice on our site.,1.0,0.0,0.0,0.0,0.0,0.0
199,"Last Updated: September 25, 2014",1.0,0.0,0.0,0.0,0.0,0.0
200,"Please note that we review these privacy practices from time to time, and that these practices are therefore subject to change. We ask that you periodically review this page to ensure continuing familiarity with the most current version of this Web site's Privacy Policy.",1.0,0.0,0.0,0.0,0.0,0.0
201,"Effective date: July 1, 2004, Updated: December 23, 2013",1.0,0.0,0.0,0.0,0.0,0.0
202,Your use of the Site following these changes means that you accept the revised Notice.,0.0,1.0,0.0,0.0,0.0,0.0
203,Any changes to this Notice will become effective when we post the revised Notice on the Site. Your use of the Site following these changes means that you accept the revised Notice.,0.0,1.0,0.0,0.0,0.0,0.0
204,"Latin Post may, in its sole discretion and without liability to any user, terminate its offer of any specific wireless marketing service or all wireless marketing services at any time without advance notice",0.0,1.0,0.0,0.0,0.0,0.0
205,we may decide not to provide access to such Information,0.0,1.0,0.0,0.0,0.0,0.0
206,without advance notice to you. Such revisions shall be effective immediately upon posting.,0.0,1.0,0.0,0.0,0.0,0.0
207,"Last updated: March 25, 2015",1.0,0.0,0.0,0.0,0.0,0.0
208,"By using any of the services above, you are accepting the practices described in our Privacy Policy.",0.0,0.0,1.0,0.0,0.0,0.0
209,We urge you to check this section for changes regularly.,1.0,0.0,0.0,0.0,0.0,0.0
210,"Please review this Privacy Policy periodically to be informed of how we use and protect your information. If we provide notice of changes via email, you consent to receiving email notice of such changes.",1.0,0.0,0.0,0.0,0.0,0.0
211,you consent to receiving email notice of such changes.,0.0,0.0,0.0,0.0,1.0,0.0
212,"Effective Date: May 7, 2015",1.0,0.0,0.0,0.0,0.0,0.0
213, Updates To This Privacy Notice    We may change or update portions of this Privacy Notice at any time. Please check back from time to time so you are aware of any changes or updates to the notice. We will indicate the notice's effective date on the first page of the notice.  ,1.0,0.0,0.0,0.0,0.0,0.0
214,We may change or update portions of this Privacy Notice at any time. Please check back from time to time so you are aware of any changes or updates to the notice. We will indicate the notice's effective date on the first page of the notice.,1.0,0.0,0.0,0.0,0.0,0.0
215,"Last updated: August 26, 2014  ",1.0,0.0,0.0,0.0,0.0,0.0
216,"In line with these values, our privacy policy may change from time to time. If it does, we will post an updated policy on the Sites and change the ""last updated"" line above. If we make significant changes to the policy, we will provide appropriate notice to you.  ",1.0,0.0,0.0,0.0,0.0,0.0
217,"Geekdo reserves the right to modify all or some of this Privacy Policy at any time without notice. If we modify our Privacy Policy, we may post a notice on our website so our users are aware of what information we collect, how we use it, and under what circumstances, if any, we disclose it. We will use information only in accordance with the Privacy Policy under which the information was collected unless we have received explicit authorization from the appropriate user(s) to do otherwise.  ",1.0,0.0,0.0,0.0,0.0,0.0
218,", and we encourage all visitors and users of the Sites to check this policy from time to time.",1.0,0.0,0.0,0.0,0.0,0.0
219," Privacy Policy Changes    We reserve the right to amend this Privacy Policy at any time. Any such amendments to this Policy may apply to information we collect in the future as well as any information we obtained from you prior to such amendment. We will post all changes to this Policy on the Sites, and we encourage all visitors and users of the Sites to check this policy from time to time.  ",1.0,0.0,0.0,0.0,0.0,0.0
220,"If we post changes and you continue to use the site, you will be deemed to have agreed to the changes.",0.0,1.0,0.0,0.0,0.0,0.0
221," YOUR ACCEPTANCE OF THESE TERMS    By using this site or mobile application, you agree to our Privacy Policy. We may also change the policy from time to time, so please be sure to visit this site often to see if anything has changed. If we post changes and you continue to use the site, you will be deemed to have agreed to the changes.",1.0,0.0,0.0,0.0,0.0,0.0
222,"MediaNews may change this privacy policy from time to time. The revised policy will be posted on the MediaNews Web site. Please check this page periodically for changes. If you have any questions, comments or concerns regarding our privacy policy and/or practices, please contact the Privacy Coordinator using the contact information provided below. Please reference the applicable site.   Privacy Coordinator   MediaNews Group, Interactive   101 W. Colfax Ave., Suite 950   Denver, CO 80202   privacycoordinator@medianewsgroup.com   (801) 257-8782  ",1.0,0.0,0.0,0.0,0.0,0.0
223," Changes to Our Online Privacy Policy:    Digital technology is rapidly evolving. If we decide to change our Privacy Policy in the future, we'll post the changes here and indicate at the top of the policy the last date on which it was updated. Unless otherwise noted, all changes will be effective when posted.  ",1.0,0.0,0.0,0.0,0.0,0.0
224,"How To Obtain A Copy Of Revised Notice. Kaleida Health may change our privacy practices from time to time. If we do, we will revise this notice so you will have an accurate summary of our practices. The revised notice will apply to all of your health information. Kaleida Health will post any revised notice in our hospital reception area. You will also be able to obtain your own copy of the revised notice by accessing our website at www.Kaleidahealth.org, calling our office at 716-859-8559 or asking for one at the time of your next visit. The effective date of the notice will always be noted in the top right corner of the first page. Kaleida Health is required to abide by the terms of the notice that is currently in effect.  ",1.0,0.0,0.0,0.0,0.0,0.0
225,"By using any of the CBS Interactive Services, you consent to the terms of the updated privacy policy.",0.0,0.0,1.0,0.0,0.0,0.0
226,"Note: The CBS Interactive Privacy Policy has been updated. Please review the updated privacy policy carefully before using the CBS Interactive Services. By using any of the CBS Interactive Services, you consent to the terms of the updated privacy policy. Click here for more information about the updates.  ",1.0,0.0,0.0,0.0,0.0,0.0
227,"It is the obligation of users visiting the Site to learn of changes to the Privacy Statement since their last visit. Any change to this Privacy Statement shall be effective as to all visitors once instituted, including as to any visitor who previously visited the Site before the change was made.",0.0,1.0,0.0,0.0,0.0,0.0
228,"Last Updated: March 1, 2015",1.0,0.0,0.0,0.0,0.0,0.0
229,"You will be notified via e-mail of any such change in ownership or control of your personal information. For more information see the ""Changes in Our Privacy Policy"" section below.",1.0,0.0,0.0,0.0,0.0,0.0
230,"Sharing and Disclosure of Information JibJab Collects   Except as otherwise described in this privacy statement, JibJab will not disclose personal information to any third party unless we believe that disclosure is necessary: (1) to comply with applicable law or to respond to a subpoena, court order, search warrant or other legal process received by JibJab, whether or not a response is required by applicable law; (2) to protect or enforce our rights or the rights of a third party; (3) to protect the safety of members of the public and our users; or (4) to respond to an emergency. JibJab reserves the right to transfer personal information to a successor in interest that acquires rights to that information as a result of a sale of JibJab or substantially all of JibJab's assets to that successor in interest or of a merger between JibJab and such successor in interest. JibJab also reserves the right to disclose personal information as necessary to enable third-party service providers to support and maintain the operation of the JibJab Sites and JibJab's services. You will be notified via e-mail of any such change in ownership or control of your personal information. For more information see the ""Changes in Our Privacy Policy"" section below.  ",1.0,0.0,0.0,0.0,0.0,0.0
231,"Also, we may ask registered users and members to review and consent to the changes at the time of their next account log-in. By continuing to use the JibJab Site(s) affected by such changes after such notice and consent, you agree to be bound by the changes to this Privacy Policy.",0.0,0.0,0.0,0.0,1.0,0.0
232,This Privacy Policy is subject to change by JibJab from time to time.,1.0,0.0,0.0,0.0,0.0,0.0
233,"By continuing to use the JibJab Site(s) affected by such changes after such notice and consent, you agree to be bound by the changes to this Privacy Policy",0.0,1.0,0.0,0.0,0.0,0.0
234,consent to the changes,0.0,0.0,0.0,1.0,0.0,0.0
235, IX. CHANGES TO THIS PRIVACY POLICY    THE MRC reserves the right to change this Privacy Policy at any time. Please check this page periodically for changes. We will post a notice on this Website if and when this policy changes to alert visitors that a new policy is in place.  ,1.0,0.0,0.0,0.0,0.0,0.0
236,"Material that is, really important changes to the way we use or disclose personally identifiable information will apply on a going-forward basis, unless we have your express consent to change the way we use or disclose the personally identifiable information we collected when the earlier version of this Privacy Policy was in effect.  ",1.0,0.0,0.0,0.0,0.0,0.0
237,"changes to the way we use or disclose personally identifiable information will apply on a going-forward basis, unless we have your express consent to change the way we use or disclose the personally identifiable information we collected when the earlier version of this Privacy Policy was in effect.",0.0,0.0,0.0,0.0,1.0,0.0
238,Any changes to this Privacy Policy will become effective when we post the revised Privacy Policy on the FSD Services.,0.0,1.0,0.0,0.0,0.0,0.0
239,"We will assume that you have given your permission for your information to be used under the terms of the new privacy policy, if you do not respond to our email within thirty days or continue to use the Website thirty days after a notice is posted.",1.0,0.0,0.0,0.0,0.0,1.0
240,"Changes to this Privacy Statement   The contents of this statement may be altered at any time, at our discretion.  ",1.0,0.0,0.0,0.0,0.0,0.0
241," 7. Notification of Changes    Whenever Kinja changes its privacy policy, we will post those changes to this Privacy Policy page, and other places we deem appropriate so our users are always aware of what information we collect, how we use it, and under what circumstances, if any, we disclose it. The prior version of our Privacy Policy is found here (the version before that is found here) and more on why we've made the most recent changes here. You are responsible for reviewing and becoming familiar with any changes to this agreement.  ",1.0,0.0,0.0,0.0,0.0,0.0
242," 9. Last Update    This Privacy Policy was most recently updated February 11, 2015.  ",1.0,0.0,0.0,0.0,0.0,0.0
243,"This page reflects the current policy at any given time. It may be updated occasionally. It was most recently updated on May 21, 2015.",1.0,0.0,0.0,0.0,0.0,0.0
244,"Last Updated on June 10, 2015",1.0,0.0,0.0,0.0,0.0,0.0
245,This Privacy Policy may be amended from time to time. Any such changes will be posted on this page.,1.0,0.0,0.0,0.0,0.0,0.0
246,he change will be posted on this page thirty (30) days prior to taking effect,1.0,0.0,0.0,0.0,0.0,0.0
247,Please note that continued access of Liquor.com will constitute your acceptance of any changes or revisions to the Privacy Policy.,0.0,0.0,0.0,0.0,1.0,0.0
248,continued access of Liquor.com will constitute your acceptance of any changes or revisions to the Privacy Policy.,0.0,1.0,0.0,0.0,0.0,0.0
249,continued access of Liquor.com will constitute your acceptance,0.0,0.0,0.0,0.0,1.0,0.0
250,Updated as of May 2014,1.0,0.0,0.0,0.0,0.0,0.0
251,We may update this Privacy Policy from time to time.,1.0,0.0,0.0,0.0,0.0,0.0
252,Any updated version of this Privacy Policy will be effective as of the date set forth therein.,0.0,1.0,0.0,0.0,0.0,0.0
253," Changes.    We may update this Privacy Policy from time to time. If under any such update we make any material change to the way in which we treat your User Information, we will inform you of such change via email or by posting a notice on relevant areas of the Services. Any updated version of this Privacy Policy will be effective as of the date set forth therein.  ",1.0,0.0,0.0,0.0,0.0,0.0
254,"Last updated on October 1, 2013  ",1.0,0.0,0.0,0.0,0.0,0.0
255,YOU ARE BOUND BY OUR PRIVACY POLICY,0.0,0.0,1.0,0.0,0.0,0.0
256,Your continued use of the Online Services will signify your acceptance of these changes.,0.0,1.0,1.0,0.0,0.0,0.0
257,"We reserve the right to make changes to this Privacy Policy. Please check back from time to time to ensure that you are aware of these changes. If we make a material change to this Privacy Policy, we will notify you here, by email, or by means of a notice on our home page. If necessary we will give you additional choices regarding such change in these notices. Your continued use of the Online Services will signify your acceptance of these changes.  ",1.0,0.0,0.0,0.0,0.0,0.0
258,This privacy policy may be amended from time to time. Any such changes will be posted on this page.,1.0,0.0,0.0,0.0,0.0,0.0
259,We will notify you of any significant or material changes in the way we treat your information by placing a prominent notice on our site or sending a notice to the primary email address specified in your account.,1.0,0.0,0.0,0.0,0.0,0.0
260," changes to this policy    We reserve the right to change this policy to meet the changing needs of reddit, or for any other reason. If we make changes, we will notify our users. Where the changes substantially alter your rights, notice will appear prominently on your front page. More minor changes may only be highlighted by the privacy policy link in the footer of our website.  ",1.0,0.0,0.0,0.0,0.0,0.0
261,"Privacy Policy   Last revised on December 31, 2014  ",1.0,0.0,0.0,0.0,0.0,0.0
262,"These changes will be effective immediately for new users of our Covered Sites. Continued use of our Covered Sites, following notice of such changes shall indicate your acknowledgement of such changes and agreement to be bound by the terms and conditions of such changes.",0.0,1.0,0.0,0.0,0.0,0.0
263,"Any changes to this privacy policy will be effective upon thirty (30) calendar days following our posting of notice of the changes on our Covered Sites. These changes will be effective immediately for new users of our Covered Sites. Continued use of our Covered Sites, following notice of such changes shall indicate your acknowledgement of such changes and agreement to be bound by the terms and conditions of such changes.",0.0,0.0,0.0,0.0,0.0,1.0
