,Clause,Unspecified,Other,Indefinitely,Limited,Stated Period
0,"Even if you do not opt-in to receive promotional information or you have opted-in and then later choose to opt-out, we reserve the right to contact you as necessary in our sole discretion regarding The Hill, any request you have made for services or products from The Hill, changes to this Privacy Policy and any other matters that may be relevant to the information we collect.  ",1.0,0.0,0.0,0.0,0.0
1,"You can modify information you have given us. To correct or delete information or update account settings, log into your account and follow the instructions. We make changes as soon as we can. This information may stay in our backup files. If we cannot make the changes you want, we will let you know and explain why. If you contact us requesting access to your information, we will respond within 30 days.  ",1.0,0.0,0.0,0.0,0.0
2,as long as it is necessary or relevant,0.0,1.0,0.0,0.0,0.0
3,We keep personal information as long as it is necessary or relevant for our business.,0.0,0.0,1.0,1.0,0.0
4,Stored,1.0,0.0,0.0,0.0,0.0
5,scheduled for regular destruction,0.0,0.0,0.0,1.0,0.0
6,regular destruction,0.0,0.0,0.0,1.0,0.0
7,store any information you enter on our Web site or give us in any other way.,1.0,0.0,0.0,0.0,0.0
8,store,1.0,0.0,0.0,0.0,0.0
9,store certain types of information whenever you interact with us.,1.0,0.0,0.0,0.0,0.0
10,and store,1.0,0.0,0.0,0.0,0.0
11,we usually keep a copy of the prior version for our records.,1.0,0.0,0.0,0.0,0.0
12,we usually keep a copy of the prior version for our records,1.0,0.0,0.0,0.0,0.0
13,"  You can add or update certain information on pages such as those referenced in the Which Information Can I Access? section. When you update information, we usually keep a copy of the prior version for our records.  ",1.0,0.0,0.0,0.0,0.0
14,"  You can add or update certain information, such as your e-mail address, by using our User Administration pages. When you update information, we usually keep a copy of the prior version for our records.  ",1.0,0.0,0.0,0.0,0.0
15,We will retain your personal information for the length of time needed to fulfill the purposes outlined in this privacy policy unless a longer retention period is required or permitted by law.,1.0,1.0,0.0,1.0,0.0
16,"Aggregated data: We maintain automatic information in aggregated form, not associated with your IP address or personally identifiable information.  ",1.0,0.0,0.0,0.0,0.0
17,"Furthermore, we will not keep your credit card number in our database once a transaction is completed.",0.0,0.0,0.0,1.0,0.0
18,"Any information or content that you voluntarily disclose for posting to the Service (for instance, in User Content you post on message boards, in chat areas, or leave a comment to an article) becomes available to the public. You should be aware that even if you remove User Content, copies may remain viewable in cached and archived pages or if other users have copied or stored your User Content.  ",1.0,0.0,0.0,0.0,0.0
19,"We may store personal information in locations outside the direct control of Company (for instance, on servers or databases co-located with hosting providers).",1.0,0.0,0.0,0.0,0.0
20,We do not retain any e-mail addresses of either the sender or recipient of such articles or links after they are sent,0.0,1.0,0.0,0.0,0.0
21,after they are sent,0.0,0.0,0.0,1.0,0.0
22,Not selected,1.0,0.0,0.0,0.0,0.0
23,"you authorize us to collect, store and use such information in accordance with this Privacy Policy.",1.0,0.0,0.0,0.0,0.0
24,"we promptly delete the child's email address from our system once we have responded, and we do not use the child's email address for any other purpose.",0.0,0.0,0.0,0.0,1.0
25,"In such case, we promptly delete the child's email address from our system once we have responded, and we do not use the child's email address for any other purpose.",0.0,0.0,0.0,1.0,0.0
26,We do not store the friend's email address for any longer than reasonably necessary to send the email or card to the friend.,0.0,0.0,0.0,1.0,0.0
27,we will not send the newsletter and will delete any related personal information collected in the sign-up process from our files.,0.0,0.0,0.0,1.0,0.0
28,We will not keep the child's email address after the promotion or use the child's email address for any other purpose other than for the promotion.,0.0,0.0,0.0,0.0,1.0
29,We will not keep the child's email address after the promotion,0.0,0.0,0.0,1.0,0.0
30,no longer than is necessary for the purposes for which the data was collected,0.0,0.0,0.0,1.0,0.0
31,Unless there is a specific legal requirement,1.0,0.0,0.0,0.0,0.0
32,e will retain it for no longer than is necessary,0.0,0.0,0.0,1.0,0.0
33,egal requirements to keep data for a minimum period.,0.0,0.0,0.0,1.0,0.0
34,"The time period for which we keep information varies according to the purpose for which it is used for. In some cases, there are legal requirements to keep data for a minimum period. Unless there is a specific legal requirement for us to keep the information, we will retain it for no longer than is necessary for the purposes for which the data was collected or for which it is to be further processed.",1.0,0.0,0.0,0.0,0.0
35,we may not immediately delete residual copies from our active servers and may not remove information from our backup systems.,1.0,0.0,0.0,1.0,0.0
36,"We will store and use this information to administer the programs and services in which you choose to participate, and as permitted by this Privacy Policy.",1.0,0.0,0.0,0.0,0.0
37,we will store and use this information to administer the programs and services in which you choose to participate and otherwise as permitted by this Privacy Policy.,1.0,0.0,0.0,0.0,0.0
38,Please be advised that Barnes & Noble may archive information it collects on its community and visitors.,1.0,0.0,0.0,0.0,0.0
39,Please be advised that Barnes & Noble may archive information it collects on its community and visitors,1.0,0.0,0.0,0.0,0.0
40,Please be advised that our removal of your post(s) does not ensure complete or comprehensive removal of the content or information you have posted on Barnes & Noble Websites or Apps.,1.0,0.0,0.0,0.0,0.0
41,We will retain your information for as long as your account is active or as needed to provide you with services,0.0,0.0,0.0,1.0,0.0
42,as long as your account is active or as needed to provide you with services.,0.0,0.0,0.0,1.0,0.0
43,"We will retain your information for as long as your account is active or as needed to provide you with services. We will retain and use your information as necessary to comply with our legal obligations, resolve disputes, and enforce our agreements.",0.0,0.0,0.0,1.0,0.0
44,are deleted when the browser window is closed.,0.0,0.0,0.0,1.0,0.0
45,after 90 days,0.0,0.0,0.0,0.0,1.0
46,Log files are typically deleted from our servers after 90 days.,0.0,0.0,0.0,0.0,1.0
47,are typically deleted from our servers after 90 days.,0.0,0.0,0.0,0.0,1.0
48,file,1.0,0.0,0.0,0.0,0.0
49,We may also file,1.0,0.0,0.0,0.0,0.0
50,review and discard,0.0,0.0,0.0,1.0,0.0
51,review and discard the information,0.0,0.0,0.0,1.0,0.0
52,will disappear when your browser is closed,0.0,0.0,0.0,0.0,1.0
53,"Keep in mind, however, that even if you delete information from your profile, we may retain your Personal Information in conformance with our data retention policy and Personal Information may remain within our databases, access logs, and other records.",1.0,0.0,0.0,0.0,0.0
54,"Keep in mind, however, that even if you delete information from your profile, we may retain your Personal Information in conformance with our data retention policy and Personal Information may remain within our databases, access logs, and other records. In addition, we are not responsible for updating or removing your Personal Information contained in the lists or databases of third parties who have been provided information as permitted by this Policy.",1.0,0.0,0.0,0.0,0.0
55,reasonable period of time,0.0,0.0,0.0,1.0,0.0
56,we may retain your account information for a reasonable period of time,0.0,0.0,0.0,1.0,0.0
57,may persist after you delete the information at the original source.,0.0,0.0,1.0,0.0,0.0
58,are purged after one calendar year from the date of entry,0.0,0.0,0.0,0.0,1.0
59,one calendar year from the date of entry,0.0,0.0,0.0,1.0,0.0
60,stored by Food Allergy Research & Education,1.0,0.0,0.0,0.0,0.0
61,The personal information collected about you through our online applications and in our communications with you is stored in our internal database,1.0,0.0,0.0,0.0,0.0
62,stores this information,1.0,0.0,0.0,0.0,0.0
63,"RedOrbit, Inc. stores",1.0,0.0,0.0,0.0,0.0
64,subject to our right to retain any data necessary to investigate any violation of terms of use or alleged harmful or illegal activity.,1.0,0.0,0.0,0.0,0.0
65," How We Collect Information    Information You Provide. We may collect and store information that you voluntarily supply to us while on our Site. This may include information that can be used to contact or identify you, such as your name, email address, or postal address. Some examples of this type of information include information that you electronically submit when you contact us with questions or participate in contests, surveys or sweepstakes, information that you post on blogs, discussion forums or other community posting and social networking areas on our Site, and information that you electronically submit when you complete an online registration form to access and use certain features of our Site. We also may ask for information (including a credit card number and other financial information) from those users who make purchases or have payment transactions on our Site.  ",1.0,0.0,0.0,0.0,0.0
66,we may retain your personal information in back-up storage after deactivation,1.0,0.0,0.0,0.0,0.0
67,e may retain your personal information in back-up storage after deactivation,1.0,0.0,0.0,0.0,0.0
68,We may store the Personally Identifiable Information we hold about you indefinitely.,0.0,0.0,1.0,0.0,0.0
69,indefinitely,0.0,0.0,1.0,0.0,0.0
70,"At our election, instead of deleting such information, we may retain it with your comment or correction noted in our records.",1.0,0.0,0.0,0.0,0.0
71,as long as we need it for purposes not prohibited by applicable laws.,0.0,0.0,0.0,1.0,0.0
72,We will retain your personal information while you have an account with us and thereafter for as long as we need it for purposes not prohibited by applicable laws.,1.0,0.0,0.0,0.0,0.0
73,"We will retain your personal information while you have an account with us and thereafter for as long as we need it for purposes not prohibited by applicable laws. Thereafter, we will either delete your personal information or de-identify it so that it is",0.0,0.0,0.0,1.0,0.0
74,"is collected and stored in a manner appropriate to the nature of the data and is used to fulfill your request. The information you provide is used by American Honda to improve the services we provide you and to help us promote products and services that are of most interest to you. The information may be merged with other information American Honda already knows, such as whether you are an owner of a Honda or Acura product.",1.0,0.0,0.0,0.0,0.0
75,This information is collected and used only in a manner appropriate to fulfill your request.,1.0,0.0,0.0,0.0,0.0
76,will be retained,1.0,0.0,0.0,0.0,0.0
77,Please be aware that certain records and information will be retained for specific purposes,0.0,0.0,0.0,1.0,0.0
78,we may not be able to delete it.,0.0,0.0,1.0,0.0,0.0
79,for the period necessary,0.0,0.0,0.0,1.0,0.0
80,"for the period necessary to fulfill the purposes outlined in this privacy policy,",0.0,0.0,0.0,1.0,0.0
81,unless a longer retention period is required or permitted by applicable law.,0.0,1.0,0.0,0.0,0.0
82,for the period necessary to fulfill the purposes outlined in this privacy policy,0.0,0.0,0.0,1.0,0.0
83,unless a longer retention period is required or permitted by applicable law,1.0,0.0,0.0,0.0,0.0
84,"store, retain, or use billing Information except for the",0.0,0.0,0.0,1.0,0.0
85,for extended periods of time.,1.0,0.0,0.0,0.0,0.0
86,we generally must return or destroy all protected health information received on behalf of or created for that particular healthcare provider and then maintained in any form by us or a subcontractor.,0.0,0.0,0.0,1.0,0.0
87,The data is retained for as long as necessary to support the mission of the Smithsonian Websites.,0.0,1.0,0.0,0.0,0.0
88,We will not use these email addresses,1.0,0.0,0.0,0.0,0.0
89,we will save that information,1.0,0.0,0.0,0.0,0.0
90,"etain and use your information as necessary to comply with our legal obligations, resolve disputes, and enforce our Fool Rules and take other actions otherwise permitted by law.",0.0,0.0,0.0,1.0,0.0
91,e but we will retain and use your information as necessary,0.0,0.0,0.0,1.0,0.0
92," Data Retention    Upon your request, we will remove your personal information from the website but we will retain and use your information as necessary to comply with our legal obligations, resolve disputes, and enforce our Fool Rules and take other actions otherwise permitted by law.  ",1.0,0.0,0.0,0.0,0.0
93,MediaNews will retain this information only to provide the forwarding services.,1.0,0.0,0.0,1.0,0.0
94,MediaNews does not keep any of the child's personal information after the particular event is completed.,0.0,0.0,0.0,1.0,0.0
95,This data is generally retained indefinitely,0.0,0.0,1.0,0.0,0.0
96,This data is generally retained indefinitely to support the mission of our Library of Congress web properties.,0.0,0.0,1.0,0.0,0.0
97,and delete the information as soon as practical.,0.0,0.0,0.0,1.0,0.0
98,This information is not retained.,0.0,1.0,0.0,0.0,0.0
99,Your location information is stored on Allstate's servers and retained by Allstate until you delete the application from your device.,0.0,1.0,0.0,1.0,0.0
100,retained by Allstate until you delete the application from your device.,0.0,0.0,0.0,1.0,0.0
101,We receive and store any information,1.0,0.0,0.0,0.0,0.0
102," Right to Choose (Opt-Out)    You always may choose not to provide information and most Internet browsers allow you to control the automatic collection of information from your computer. Obviously, if you choose not to provide necessary information, we may not be able to process your orders or inquiries. If we permit you to update any information that we store about you, we may keep a copy of the previous information for our records.  ",1.0,0.0,0.0,0.0,0.0
103,"lease note that when you delete your account, we may retain your account information for a reasonable period of time afterward for the purpose of internal account management and fraud prevention activities.",1.0,0.0,0.0,0.0,0.0
104,"lease note that when you delete your account, we may retain your account information for a reasonable period of time afterward for the purpose of internal account management and fraud prevention activities",0.0,0.0,0.0,1.0,0.0
105,We retain indefinitely,0.0,0.0,1.0,0.0,0.0
106,saved and used only for that purpose,0.0,0.0,0.0,1.0,0.0
107,"are not retained by us, and are only used to send a one-time email notification on a consumer's behalf.",0.0,0.0,0.0,0.0,1.0
108,maintains information obtained from consumers who contact or submit an online complaint,1.0,0.0,0.0,0.0,0.0
109,We will retain personally identifying information about you for the period necessary to fulfill the purposes outlined in this policy unless a longer retention period is required by law or regulations.,0.0,0.0,0.0,1.0,0.0
110,Retention Policy We will retain personally identifying information about you for the period necessary to fulfill the purposes outlined in this policy unless a longer retention period is required by law or regulations.,0.0,0.0,0.0,1.0,0.0
111,Where we store data,1.0,0.0,0.0,0.0,0.0
112,stored at,1.0,0.0,0.0,0.0,0.0
113,"the fulfilment of your order,",1.0,0.0,0.0,0.0,0.0
114,the processing of your payment details,1.0,0.0,0.0,0.0,0.0
115,he provision of support services,1.0,0.0,0.0,0.0,0.0
116,"By submitting your personal data, you agree to this transfer, storing or processing. lynda.com will take all steps reasonably necessary to ensure that your data is treated securely and in accordance with this Privacy Policy.",1.0,0.0,0.0,0.0,0.0
117,"2. WHERE WE STORE DATA   The data that we collect from you may be transferred to, and stored at, a destination outside the European Economic Area (EEA) . It may also be processed by staff operating outside the EEA who work for us or for one of our service providers. Such staff maybe engaged in, among other things, the fulfilment of your order, the processing of your payment details and the provision of support services. By submitting your personal data, you agree to this transfer, storing or processing. lynda.com will take all steps reasonably necessary to ensure that your data is treated securely and in accordance with this Privacy Policy.   3. HOW WE USE YOUR INFORMATION   We use information held about you in the following ways:  ",1.0,0.0,0.0,0.0,0.0
118,delete the information provided after your request has been fulfilled.,0.0,0.0,0.0,1.0,1.0
119,delete the information provided after your request has been fulfilled,0.0,0.0,0.0,1.0,0.0
120,"we keep track of past transactions for as long as is reasonably necessary, you cannot delete information associated with past transactions on this Website. In addition, it may be impossible to completely delete your information without some residual information because of backups.",0.0,1.0,0.0,0.0,0.0
121,because we keep track of past transactions for as long as is reasonably necessary,1.0,0.0,0.0,0.0,0.0
122,as long as your account is active or as needed to provide you Services,0.0,0.0,0.0,1.0,0.0
123,for as long as your account is active or as needed to provide you Services,0.0,1.0,0.0,0.0,0.0
124,We will retain,1.0,0.0,0.0,0.0,0.0
125,as long as your account is active or as needed,0.0,0.0,0.0,0.0,1.0
126,as long as needed,0.0,0.0,0.0,1.0,0.0
127,as long as needed to provide our services to our client.,0.0,0.0,0.0,1.0,0.0
128,"as necessary to comply with our legal obligations, resolve disputes, and enforce our agreements",0.0,0.0,0.0,1.0,0.0
129,as long as needed to provide our services to our client,0.0,0.0,0.0,1.0,0.0
130,stores name and email address,1.0,0.0,0.0,0.0,0.0
131,collect and store,1.0,0.0,0.0,0.0,0.0
132,does not retain,0.0,1.0,0.0,0.0,0.0
133,"Please note that by submitting your information regarding employment opportunities with Caribou Coffee, you authorize us to transmit and store your information in our recruitment database, and to circulate that information as necessary for the purpose of evaluating your qualifications for job vacancies at Caribou Coffee.  ",1.0,0.0,0.0,0.0,0.0
134,"We will retain your personal information while you have an account with us and thereafter for as long as we need it for purposes not prohibited by applicable laws. Thereafter, we will either delete your personal information or de-identify it so that it is anonymous and not attributed to your identity.",0.0,1.0,0.0,1.0,0.0
135,while you have an account with us and thereafter for as long as we need it,0.0,0.0,0.0,1.0,0.0
136,"Session cookies: these are temporary cookies that expire at the end of a browser session; that is, when you leave the site.",0.0,0.0,0.0,0.0,1.0
137,"Persistent cookies: in contrast to session cookies, persistent cookies are stored on your equipment between browsing sessions until expiry or deletion.",0.0,0.0,1.0,0.0,0.0
138,"   Types of cookies:  There are two main types of cookies:    Session cookies:  these are temporary cookies that expire at the end of a browser session; that is, when you leave the site. Session cookies allow the website to recognize you as you navigate between pages during a single browser session and allow you to use the website most efficiently. For example, session cookies enable a website to remember that a user has placed items in an online shopping basket.    Persistent cookies:  in contrast to session cookies, persistent cookies are stored on your equipment between browsing sessions until expiry or deletion. They therefore enable the website to ""recognize"" you on your return remember your preferences and tailor services to you.   In addition to session cookies and persistent cookies, there may be other cookies which are set by the website which you have chosen to visit, such as this website, in order to provide us or third parties with information.  ",1.0,0.0,0.0,0.0,0.0
139,"we remove the entirety of the IP address after 6 months, cookies and other cross session identifiers, after 18 months.",0.0,0.0,0.0,0.0,1.0
140,"eparately from any account information that directly identifies the user, such as name, e-mail address, or phone numbers.",1.0,0.0,0.0,0.0,0.0
141,we remove the entirety of the IP address after 6 months,0.0,0.0,0.0,0.0,1.0
142,"cookies and other cross session identifiers, after 18 months.",0.0,0.0,0.0,0.0,1.0
143,6 months,0.0,0.0,0.0,0.0,1.0
144,18 months,0.0,0.0,0.0,0.0,1.0
145,which are retained,1.0,0.0,0.0,0.0,0.0
146,retained,1.0,0.0,0.0,0.0,0.0
147,"If you elect to have a location-based search saved to your history, we will store that information on our servers.",1.0,0.0,0.0,0.0,0.0
148,"Typically, we do not use cookies to collect information on the UH Central Web server (www.uh.edu). However, the following applications do use cookies to store user login information which is intended to make the application more user-friendly: IT Forum WebCT",1.0,0.0,0.0,0.0,0.0
149,"For site management functions, information is collected for analysis and statistical purposes. This information is not reported or used in any manner that would reveal personally identifiable information, and will not be released to any outside parties unless legally required to do so in connection with law enforcement investigations or other legal proceedings.",1.0,0.0,0.0,0.0,0.0
150,information is collected,1.0,0.0,0.0,0.0,0.0
151,"copies may remain viewable in cached and archived pages of the Service,",1.0,0.0,0.0,0.0,0.0
152,retained for an extended period of time,1.0,0.0,0.0,0.0,0.0
153,"may be stored and processed in the United States or any other country in which Instagram, its Affiliates or Service Providers maintain facilities.",1.0,0.0,0.0,0.0,0.0
154,"may retain information (including your profile information) and User Content for a commercially reasonable time for backup, archival, and/or audit purposes",0.0,0.0,0.0,1.0,0.0
155,"Following termination or deactivation of your account, Instagram, its Affiliates, or its Service Providers may retain information (including your profile information) and User Content for a commercially reasonable time for backup, archival, and/or audit purposes.",1.0,0.0,0.0,0.0,0.0
156,for a commercially reasonable time,1.0,0.0,0.0,0.0,0.0
157,retention,1.0,0.0,0.0,0.0,0.0
158,We will retain your data for as long as you use the online services and for a reasonable time thereafter.,0.0,0.0,0.0,1.0,1.0
159,"If you choose to use our referral service to tell a friend about Military or refer other information on Military to a friend, we will ask you for your friend's name and email address. We will send your friend a one-time email inviting him or her to visit Military or view the information. We do not store this information.",0.0,0.0,0.0,0.0,1.0
160,We do not store this information.,0.0,1.0,0.0,0.0,0.0
161,may be retained by both Military and the other company,1.0,0.0,0.0,0.0,0.0
162,"We retain all the information we gather about you in an effort to make your repeat use with us more efficient, practical and relevant until you change or remove your personal data as described below.",0.0,0.0,0.0,1.0,0.0
163,until you change or remove your personal data as described below,0.0,0.0,0.0,1.0,0.0
164,"We will retain logs, demographic, indirect, and statistical information about you and keep an archival copy of this information in an anonymized form.",1.0,0.0,0.0,0.0,0.0
165,"The ""persistent"" cookie we use in CAN will remain on your computer after you have left our site and will expire six months after it was set.",0.0,0.0,0.0,0.0,1.0
166,Your personal information may be stored and processed by our service providers in the United States or other locations where the service providers or Walmart maintain facilities.,1.0,0.0,0.0,0.0,0.0
167,information that might possibly remain in our archived records after your account has been deleted,0.0,0.0,1.0,0.0,0.0
168,"that will remain within our databases, access logs, and other records,",1.0,0.0,0.0,0.0,0.0
169,that will remain,1.0,0.0,0.0,0.0,0.0
170,will not be deleted upon the user's request,0.0,0.0,1.0,0.0,0.0
171,We don't keep,0.0,0.0,0.0,1.0,0.0
172,We don't keep or use your friend's e-mail address for any other purpose.,0.0,0.0,0.0,1.0,0.0
173,Please allow 10 days,0.0,0.0,0.0,0.0,1.0
174,"If you create an account through one of our Sites, this personal information will be stored by us.",1.0,0.0,0.0,0.0,0.0
175," What We Collect    We collect the information you affirmatively choose to provide us, such as when you provide your name, contact information, the pages you access and similar information for such purposes as purchasing products, creating an account, joining our loyalty programs, filling out a survey, entering contests, participating in promotions or electronic activities, posting comments on bulletin boards or otherwise interacting with our Sites. By accessing the Sites, you consent to receive materials and understand and acknowledge that you may receive emails and other communications from BWW. When you purchase a product from our Sites, we ask you to provide information to fulfill your order, including your name, email address, phone, shipping address, billing address and method of payment to facilitate your purchase. If you create an account through one of our Sites, this personal information will be stored by us. If you purchase products as a Site Guest, we will not store the personally identifiable information you provide.  ",1.0,0.0,0.0,0.0,0.0
176,"Upon your request, we will make reasonable efforts to delete your personal information from our database, however, it may be impossible to delete your entry without retaining some residual information for a period of time due to backups and records of deletion.",1.0,0.0,0.0,0.0,0.0
177,M,1.0,0.0,0.0,0.0,0.0
178,SRL does not store any of your private payment information provided by you directly to these service providers.,0.0,1.0,0.0,0.0,0.0
179,The National Archives Trust Fund will retain your order information only as long as required by law and National Archives policy.,0.0,1.0,0.0,1.0,0.0
180,he removed information will be retained and disposed of in accordance with the applicable records schedule.,1.0,0.0,0.0,0.0,0.0
181,retain,0.0,0.0,1.0,0.0,0.0
182,"permanently retained by the agency,",0.0,0.0,1.0,0.0,0.0
183,The information we collect for statistical analysis and technical improvements is maintained indefinitely.,0.0,0.0,1.0,0.0,0.0
184,"Although questions, comments, and other communications that we receive generally are not retained as permanent records, please note that it is possible that any mail - electronic or paper - that we or any other Federal agency receive could be permanently retained by the agency, if the mail is part of a group of records determined to have permanent historical value.",0.0,1.0,0.0,0.0,0.0
185,is maintained indefinitely.,0.0,0.0,1.0,0.0,0.0
186,permanently retained by the agency,0.0,0.0,1.0,0.0,0.0
187,"Use of Cookies Similar Tracking Technologies   A ""cookie"" is a small amount of data that is sent to your browser from an Internet server and stored in your computer. JibJab uses cookies (including Flash cookies) to store user preferences, account status, traffic origination, and to record session information, for purposes including ensuring that users are not repeatedly offered the same advertisements and to customize newsletter, advertising, and Web page content based on browser type and user profile information. You may be able to configure your browser to accept or reject all or some cookies (other than Flash cookies), or notify you when a cookie (other than a Flash cookie) is set - each browser is different, so check the ""Help"" menu of your browser to learn how to change your cookie preferences - however, you must enable cookies from JibJab in order to use most functions on the JibJab Sites. For more information about Flash cookies and how to remove them from your computer, please see the paragraph below entitled ""SPECIAL NOTE - Flash Cookies.""  ",1.0,0.0,0.0,0.0,0.0
188,"not to retain, share, store or use your information for any other purpose.",0.0,0.0,0.0,1.0,0.0
189,not to retain,0.0,0.0,0.0,1.0,0.0
190,to store all payment related data. Recurly is prohibited from using your personally identifiable information for any other purpose other than providing the above-described contracted services.,0.0,0.0,0.0,1.0,0.0
191,does not store,0.0,0.0,0.0,1.0,0.0
192,We may store the information that we collect from the third party account along with the other information that we collect from you or receive about you.,1.0,0.0,0.0,0.0,0.0
193,We will retain your information for the period necessary to fulfill the purposes outlined in this Privacy Policy unless a longer retention period is required or allowed by applicable law.,0.0,0.0,0.0,1.0,0.0
194,We will retain your information for the period necessary to fulfill the purposes outlined in this Privacy Policy,0.0,1.0,0.0,0.0,0.0
195,or allowed by applicable law.,1.0,0.0,0.0,0.0,0.0
196,unless a longer retention period,1.0,0.0,0.0,0.0,0.0
197,"Remember that even after you cancel your account, copies of some information from your account may remain viewable in some circumstances where, for example, you have shared information with Other Services. We may also retain backup information related to your account on our servers for some time after cancelation for fraud detection or to comply with applicable law or our internal security policies. It is not always possible to completely remove or delete all of your information due to technical constraints, contractual, financial or legal requirements. Because of the nature of caching technology, your account may not be instantly inaccessible to others, and there may be a delay in the removal of the content from elsewhere on the Internet and from search engines.",0.0,0.0,0.0,1.0,0.0
198,We may also retain backup information related to your account on our servers for some time after cancelation for fraud detection or to comply with applicable law or our internal security policies.,1.0,0.0,0.0,0.0,0.0
199,for some time after cancelation,1.0,0.0,0.0,0.0,0.0
200,one-time,0.0,0.0,0.0,1.0,0.0
201,We will retain your information for as long as your account is active or as needed to provide you services,0.0,0.0,0.0,1.0,0.0
202,We will retain and use your information as necessary,0.0,0.0,0.0,1.0,0.0
203,We will retain your information for as long as your account is active or as needed to provide you services.,0.0,1.0,0.0,1.0,0.0
204,retained only as long as necessary for business or legal needs and destroyed before disposal.,0.0,0.0,0.0,1.0,0.0
205,sensitive records are to be retained only as long as necessary for business or legal needs and destroyed before disposal.,0.0,0.0,0.0,1.0,0.0
206,"If you provide your name, postal address, email address, phone number, or other information via a form on the website, we may store that information and contact you about our work. Except as outlined below, we do not sell, rent, trade, or otherwise disclose to any business, organization, individual, or other outside entity information provided by people who visit or interact with the website.  ",1.0,0.0,0.0,0.0,0.0
207,will not retain,0.0,1.0,0.0,0.0,0.0
208," Contacting Us    If you contact us by phone or email, we may keep a record so that we can follow up with you if necessary. We do not disclose the information in that record to any outside entity unless you give us permission to do so or unless disclosure is compelled by law.  ",1.0,0.0,0.0,0.0,0.0
209,"Addresses you provide in the ""Email"" share feature may be saved for your convenience for future articles you may wish to email;",0.0,0.0,0.0,1.0,0.0
210,"may remain in back-up storage for some period of time after your request,",1.0,0.0,0.0,0.0,0.0
211,we will maintain User Information in our database whenever we are required to do so by law.,0.0,0.0,0.0,1.0,0.0
212,some period of time,1.0,0.0,0.0,0.0,0.0
213,whenever,1.0,0.0,0.0,0.0,0.0
214,"Once your information is received from an SNS, that information is stored and used by us in accordance with this Privacy Policy.",1.0,0.0,0.0,0.0,0.0
215,"In most cases, your message is deleted immediately after we've resolved your inquiry; however, in some instances, copies of your requests may be kept on file for our records, for quality control purposes, or to provide ongoing support services you have requested.",1.0,0.0,0.0,0.0,0.0
216,as long as your account is active or as needed to provide you services.,0.0,0.0,0.0,1.0,0.0
217,"we may still retain some of your information in our files to resolve disputes, enforce our user agreement, administer our services, comply with technical and legal requirements, and/or other constraints related to the security, integrity, and operation of our Online Services.",1.0,0.0,0.0,0.0,0.0
218,Data Retention: We will retain your personal information for as long as your account is active or as needed to provide you services,0.0,0.0,0.0,1.0,0.0
219,"If information is changed or deleted, we may still retain some of your information in our files to resolve disputes, enforce our user agreement, administer our services, comply with technical and legal requirements, and/or other constraints related to the security, integrity, and operation of our Online Services.",0.0,0.0,0.0,1.0,0.0
220,Most information kept by a public body is public under the Act.,1.0,0.0,0.0,0.0,0.0
221,"We also log, and retain indefinitely, the IP address from which the account is initially created",0.0,0.0,1.0,0.0,0.0
222,"etain indefinitely,",0.0,0.0,1.0,0.0,0.0
223,"This means that, by default, they are not deleted from our servers ever and will still be accessible after your account is deleted.",0.0,0.0,1.0,0.0,0.0
224,ever,0.0,0.0,1.0,0.0,0.0
225,"Moreover, we keep a complete log of all messages sent on our service, even when both parties later delete their accounts.",1.0,0.0,0.0,0.0,0.0
226,even when both parties later delete their accounts.,0.0,0.0,1.0,0.0,0.0
227,"we keep a complete log of all messages sent on our service, even when both parties later delete their accounts.",1.0,0.0,0.0,0.0,0.0
228,90 days after they are made or sent,0.0,0.0,0.0,0.0,1.0
229,90 days,0.0,0.0,0.0,0.0,1.0
230,"eddit stores the IP addresses associated with specific posts, comments, and private messages for 90 days after they are made or sent.",0.0,0.0,0.0,0.0,1.0
231," log data    Log data is certain information that is automatically collected by our systems when you visit reddit, including the type of software used to access the site (browser, operating system), the type of device you are using, the address of the external or internal page that referred you, and your IP address. This information is recorded for all visitors and is only linked to your account if you are signed in. Except for the IP address you use to create the account, all IP addresses will be deleted from our servers after 90 days.  ",1.0,0.0,0.0,0.0,0.0
232,after 90 days.,0.0,0.0,0.0,0.0,1.0
233,Except,0.0,0.0,1.0,0.0,0.0
234,"Except for the IP address you use to create the account, all IP addresses will be deleted from our servers after 90 days.",0.0,0.0,1.0,0.0,1.0
235,We remove personally identifiable data from this information after 90 days.,0.0,0.0,0.0,0.0,1.0
236,"For instance, we keep IP addresses for 90 days in order to investigate issues with our site, track and block suspected spammers, and otherwise maintain the integrity of the community.",0.0,0.0,0.0,0.0,1.0
237,"preserve for future disclosure your information if we believe, after due consideration, that doing so is reasonably necessary to comply with a law,",0.0,0.0,0.0,1.0,0.0
238,we remove information that could be used to identify an individual user after 90 days.,0.0,0.0,0.0,0.0,1.0
239,will not be automatically deleted as part of the account removal process,0.0,0.0,1.0,0.0,0.0
240,"However, the posts and content you made during your tenure as a reddit user will not be automatically deleted as part of the account removal process, though your username will be publicly disassociated with all posts.",1.0,0.0,0.0,0.0,0.0
241,deleted after 90 days,0.0,0.0,0.0,0.0,1.0
242,"All stored IP addresses, except the account creation IP address, are deleted after 90 days.",0.0,0.0,0.0,0.0,1.0
243,Any information collected by a reddit app while you are signed in to your reddit account is retained as described in the What Information We Collect section of this policy.,1.0,0.0,0.0,0.0,0.0
244,"we may be required to keep this information and not delete it (or to keep this information for a certain time, in which case we will comply with your deletion request only after we have fulfilled such requirements).",0.0,0.0,0.0,1.0,0.0
