,Clause,Unspecified,Privacy relevant change,In case of merger or acquisition,Non-privacy relevant change,Other
0,"Even if you do not opt-in to receive promotional information or you have opted-in and then later choose to opt-out, we reserve the right to contact you as necessary in our sole discretion regarding The Hill, any request you have made for services or products from The Hill, changes to this Privacy Policy and any other matters that may be relevant to the information we collect.  ",1.0,0.0,0.0,0.0,0.0
1,changes to this Privacy Policy,1.0,0.0,0.0,0.0,0.0
2," Changes To The Privacy Policy    This Privacy Policy is effective as of February 26th, 2014. We reserve the right to change this Privacy Policy at any time by notifying users. We may notify you by posting a notice on the Site or by contacting you through electronic mail or other means. Your continued use of the Site following the posting of changes to this Privacy Policy means you accept those changes.  ",1.0,0.0,0.0,0.0,0.0
3,We reserve the right to change this Privacy Policy at any time by notifying users. We may notify you by posting a notice on the Site or by contacting you through electronic mail or other means. Your continued use of the Site following the posting of changes to this Privacy Policy means you accept those changes.,1.0,0.0,0.0,0.0,0.0
4,"Effective July 20, 2012 (last updated October 08, 2013)",1.0,0.0,0.0,0.0,0.0
5,we may change our privacy practices.,0.0,1.0,0.0,0.0,0.0
6,We will notify you of any material changes to this policy as required by law.,0.0,1.0,0.0,0.0,0.0
7,any material changes,0.0,1.0,0.0,0.0,0.0
8,"Last Updated on May 22, 2015",1.0,0.0,0.0,0.0,0.0
9,"We may change our Privacy Policy, so please check this page from time to time, as your continued use of the Online Services after we publish our changes, indicates your acceptance of any changed terms. You can tell when the Privacy Policy was last updated by reviewing the ""Last Updated"" date at the top of the page.  ",1.0,0.0,0.0,0.0,0.0
10,"We may change our Privacy Policy,",1.0,0.0,0.0,0.0,0.0
11,We may change our Privacy Policy,1.0,0.0,0.0,0.0,0.0
12,changes to our Online Services,1.0,0.0,0.0,0.0,0.0
13,"Last updated: March 3, 2014. To see what has changed, click here.",1.0,0.0,0.0,0.0,0.0
14,click here.,1.0,0.0,0.0,0.0,0.0
15,"To see what has changed, click here.",1.0,0.0,0.0,0.0,0.0
16,"Use, Notices, and Revisions",1.0,0.0,0.0,0.0,0.0
17,substantially all of its assets are acquired,0.0,0.0,1.0,0.0,0.0
18,uch as this Privacy Notice,1.0,0.0,0.0,0.0,0.0
19,Privacy Notice,0.0,1.0,0.0,0.0,0.0
20,our Privacy Notice and the Conditions of Use will change also.,1.0,0.0,0.0,0.0,0.0
21,"this Notice and our Conditions of Use,",1.0,0.0,0.0,0.0,0.0
22,material,0.0,1.0,0.0,0.0,0.0
23," Does Disinformation Ever Make Changes to its Privacy Policy?    If we decide to change our Privacy Policy, we will post those changes to this privacy statement, the home page, and other places we deem appropriate so that you are aware of what information we collect, how we use it, and under what circumstances, if any, we disclose it. We reserve the right to modify this privacy statement at any time, so please review it frequently. If we make material changes to this policy, we will notify you here, by email, or by means of a notice on our home page. If you receive notification of a change in our Privacy Policy, you must review the new Privacy Policy carefully to make sure you understand our practices and procedures. You may not be able to receive notices from us if your cookies are not set to accept and/or are disabled.  ",1.0,0.0,0.0,0.0,0.0
24,f we make material changes to this policy,0.0,1.0,0.0,0.0,0.0
25,"If we decide to change our Privacy Policy, we will post those changes to this privacy statement, the home page, and other places we deem appropriate",1.0,0.0,0.0,0.0,0.0
26,"If we make material changes to this policy, we will notify you here, by email, or by means of a notice on our home page.",0.0,1.0,0.0,0.0,0.0
27,"Last Updated, December 5, 2014 . To see what has changed click here.",1.0,0.0,0.0,0.0,0.0
28,"  If you do not want to receive e-mail or other mail from us, please use our User Administration pages to adjust your preferences. (If you do not want to receive legal notices from us, such as this Privacy Notice, those notices will still govern your use of IMDb, and it is your responsibility to review them for changes.)  ",1.0,0.0,0.0,0.0,0.0
29,"Our business changes constantly. This Notice and the Terms and Conditions of Use will change also, and use of information that we gather now is subject to the Privacy Notice in effect at the time of use. We may e-mail periodic reminders of our notices and conditions, unless you have instructed us not to, but you should check our Web site frequently to see recent changes.",1.0,0.0,0.0,0.0,0.0
30,"This Notice and the Terms and Conditions of Use will change also, and use of information that we gather now is subject to the Privacy Notice in effect at the time of use.",0.0,0.0,0.0,1.0,0.0
31,and use of information that we gather now is subject to the Privacy Notice in effect at the time of use.,0.0,1.0,0.0,0.0,0.0
32,materially change,0.0,1.0,0.0,0.0,0.0
33,"Last Modified: June 19, 2015",1.0,0.0,0.0,0.0,0.0
34,Communicate with you about your account or transactions with us and send you information about features on our sites and applications or changes to our policies,1.0,0.0,0.0,0.0,0.0
35,changes are material,0.0,1.0,0.0,0.0,0.0
36,materia,0.0,1.0,0.0,0.0,0.0
37,"From time to time, we may change this privacy policy to accommodate new technologies, industry practices, regulatory requirements or for other purposes. We will provide noticeto you if these changes are material and, where required by applicable law, we will obtain your consent.",1.0,0.0,0.0,0.0,0.0
38," Notice    Notice may be by email to you at the last email address you provided us, by posting notice of such changes on our sites and applications, or by other means, consistent with applicable law.  ",1.0,0.0,0.0,0.0,0.0
39,"Posted: Tuesday, September 18, 2012 12:29 pm Updated: Thursday, May 21, 2015 3:22 pm.",1.0,0.0,0.0,0.0,0.0
40," Privacy Policy Changes    If we decide to change our privacy policy, we will post these changes here so that you will always know what information we gather, how we might use that information and whether we will disclose it to anyone. If, at any time, you have questions or concerns about The News-Post's privacy policy, please feel free to e-mail us at webmaster@newspost.com or call 301-662-1177 and speak to our Director of Online Operations.  ",1.0,0.0,0.0,0.0,0.0
41,"By accessing or using a website operated by The News-Post, you agree to be bound by the site's Terms of Use and Privacy Policy (""Agreement""), as The News-Post may amend them at any time. All amendments automatically go into effect on the day after they are posted on the website. Use of the website subsequent to such posting shall constitute your agreement to all such amendments. (See Terms of Use.)",1.0,0.0,0.0,0.0,0.0
42,"Revised May 3, 2012.",1.0,0.0,0.0,0.0,0.0
43,modify or amend the terms of this Privacy Policy from time to time.,0.0,1.0,0.0,0.0,0.0
44,We reserve the right to modify or amend the terms of this Privacy Policy from time to time.,1.0,0.0,0.0,0.0,0.0
45," Changes to Our Privacy Policy    We may modify this Privacy Policy from time to time. We will notify you of changes by posting changes here, or by other appropriate means. Any changes to the Privacy Policy will become effective when the updated policy is posted on the Services. Your use of the Services or your provision of personal information to use the Services following such changes indicates your acceptance of the revised Privacy Policy.  ",1.0,0.0,0.0,0.0,0.0
46,"We may modify this Privacy Policy from time to time. We will notify you of changes by posting changes here, or by other appropriate means. Any changes to the Privacy Policy will become effective when the updated policy is posted on the Services. Your use of the Services or your provision of personal information to use the Services following such changes indicates your acceptance of the revised Privacy Policy.",1.0,0.0,0.0,0.0,0.0
47,"Please review this privacy policy periodically as we may update it from time to time. This privacy policy was last revised per the date listed below. Each time you visit the Site or provide us with information, by doing so you are accepting the practices described in this privacy policy at that time.",1.0,0.0,0.0,0.0,0.0
48,Please review this privacy policy periodically as we may update it from time to time.,1.0,0.0,0.0,0.0,0.0
49,This document was last revised on 09/29/2011,1.0,0.0,0.0,0.0,0.0
50," How We Use Your Information    We use the information you submit (including any personal information) to operate, maintain and provide to you the features and functionality of the Service or otherwise in connection with our business in relation to the Service. By using the Service you consent to this use and any other use of information identified in this Privacy Policy. For example, if you enter an online sweepstakes, we will use this information to notify you if you are a winner. We may also use the information to communicate with you about new features, products or services, and/or to improve the services that we offer by tailoring them to your needs.  ",1.0,0.0,0.0,0.0,0.0
51, Changes to Our Privacy Policy    We reserve the right to change this Privacy Policy at any time. Please check this page periodically for changes. Your continued use of the Website following the posting of changes to this Privacy Policy will constitute acceptance of those changes. Information collected prior to the time any change is posted will be used according to the rules and law that applied at the time the information was collected.  ,1.0,0.0,0.0,0.0,0.0
52,We reserve the right to change this Privacy Policy at any time. Please check this page periodically for changes. Your continued use of the Website following the posting of changes to this Privacy Policy will constitute acceptance of those changes.,1.0,0.0,0.0,0.0,0.0
53,ACCEPTANCE OF THESE TERMS; CHANGES TO OUR PRIVACY POLICY,1.0,0.0,0.0,0.0,0.0
54,update this Privacy Policy,1.0,0.0,0.0,0.0,0.0
55,We will occasionally update this Privacy Policy as necessary to protect our users and to comply with a changing environment. We recommend that you check the posted Privacy Policy when you visit any of our sites to be sure you are aware of and understand our current policy.,1.0,0.0,0.0,0.0,0.0
56,occasionally update this Privacy Policy,0.0,1.0,0.0,0.0,0.0
57,"Last Update May 24, 2014",1.0,0.0,0.0,0.0,0.0
58,We reserve the right to modify or amend the terms of our Privacy Policy from time to time without notice.,0.0,0.0,0.0,0.0,1.0
59,We reserve the right to modify or amend the terms of our Privacy Policy from time to time,1.0,0.0,0.0,0.0,0.0
60,"If we make a material change in the way we use your personal information,",0.0,1.0,0.0,0.0,0.0
61,"As our Sites continue to develop, we may add new services and features to them. In the event that these additions affect our Privacy Policy, or if other changes in our privacy practices or applicable laws necessitate changes to the Privacy Policy",0.0,0.0,0.0,1.0,0.0
62,Changes to This Privacy Policy,0.0,1.0,0.0,0.0,0.0
63,"As our Sites continue to develop, we may add new services and features to them. In the event that these additions affect our Privacy Policy, or if other changes in our privacy practices or applicable laws necessitate changes to the Privacy Policy,",1.0,0.0,0.0,0.0,0.0
64,"By visiting our Sites, you are accepting the practices described in our privacy policy, including our use of cookies and similar online tools. If you do not agree to the terms of this privacy policy, please do not use the Sites. We reserve the right to modify or amend the terms of our privacy policy from time to time without notice. Your continued use of our Sites following the posting of changes to these terms will mean you accept those changes. If we intend to apply the modifications or amendments to this privacy policy retroactively or to personally identifiable information already in our possession, we will provide you with notice of the modifications or amendments and seek your consent for such use.   What Information Is Collected?    How Do the Sites Use Cookies and Other Tracking Technologies?    How Do We Use Your Information?    Who Can See Your Information?    What Are Your Choices?    Other Important Information    Governing Law & Notice to Non-U.S. Users    Questions About this Policy; Access to Your Information  ",1.0,0.0,0.0,0.0,0.0
65,We reserve the right to modify or amend the terms of our privacy policy,1.0,0.0,0.0,0.0,0.0
66,If we intend to apply the modifications or amendments to this privacy policy retroactively or to personally identifiable information already in our possession,0.0,0.0,0.0,0.0,1.0
67,"If we intend to apply the modifications or amendments to this privacy policy retroactively or to personally identifiable information already in our possession, we will provide you with notice of the modifications or amendments and seek your consent for such use.",0.0,1.0,0.0,0.0,0.0
68,"Privacy Policy Last modified: June 30, 2015 ( view archived versions)",1.0,0.0,0.0,0.0,0.0
69,"If Google is involved in a merger, acquisition or asset sale,",0.0,0.0,1.0,0.0,0.0
70,Our Privacy Policy may change from time to time,1.0,0.0,0.0,0.0,0.0
71,We will not reduce your rights under this Privacy Policy,0.0,1.0,0.0,0.0,0.0
72,We will post any privacy policy changes on this page,1.0,0.0,0.0,0.0,0.0
73,if the changes are significant,0.0,1.0,0.0,0.0,0.0
74,Privacy Policy,0.0,1.0,0.0,0.0,0.0
75,any,0.0,0.0,0.0,1.0,0.0
76,"Effective Date: April 1, 2015",1.0,0.0,0.0,0.0,0.0
77,"To review the prior version of Barnes & Noble's Privacy Policy, please click here.",1.0,0.0,0.0,0.0,0.0
78,"These current privacy policies and the privacy practices described herein apply to personal information previously collected from you by Barnes & Noble, Inc. and each of its subsidiaries, as well as personal information that they may collect from you in the future.  ",1.0,0.0,0.0,0.0,0.0
79,"These current privacy policies and the privacy practices described herein apply to personal information previously collected from you by Barnes & Noble, Inc. and each of its subsidiaries, as well as personal information that they may collect from you in the future.",1.0,0.0,0.0,0.0,0.0
80,material changes,0.0,1.0,0.0,0.0,0.0
81,You will be notified of any material changes to this Privacy Policy which are less protective of customer information prior to such changes becoming effective.,0.0,1.0,0.0,0.0,0.0
82,"You will be notified of any material changes to this Privacy Policy which are less protective of customer information prior to such changes becoming effective. We may notify you of these changes by email reminders, by notice on this site, or by other acceptable means.",0.0,1.0,0.0,0.0,0.0
83,"Sales, mergers, and acquisitions . If Barnes & Noble becomes involved in a merger, acquisition, restructuring, reorganization, or any form of sale or other disposition of some or all of its assets, personal information and your transaction history may be provided to the entities and advisors involved subject to a confidentiality agreement, and we will provide notice to you at your email address on file before any personal information is finally transferred and becomes subject to a different privacy policy. Such a transaction may involve us (i) retaining the right to continue to use transferred personal information in addition to the right of the transferee to use such information, and (ii) engaging in additional transfers of personal information (including new personal information) with the transferee from time to time following such a transaction.  ",1.0,0.0,0.0,0.0,0.0
84,privacy policy changes:,0.0,1.0,0.0,0.0,0.0
85,any privacy policy changes:,0.0,0.0,0.0,0.0,1.0
86,of any privacy policy changes:,0.0,0.0,0.0,1.0,0.0
87,"Contacting Us   If there are any questions regarding this privacy policy you may contact us using the information below.   204 E. 5th Street   South Pittsburg, TN 37380   United States   info@lodgemfg.com   423.837.7181   Last Edited on 10/2014  ",1.0,0.0,0.0,0.0,0.0
88,"When this privacy policy is revised or updated,",0.0,0.0,0.0,0.0,1.0
89,"This Policy was last changed on October 24, 2014",1.0,0.0,0.0,0.0,0.0
90,"his Policy was last changed on October 24, 2014",1.0,0.0,0.0,0.0,0.0
91,"By visiting this Site or using the Services, you are accepting the policies and practices described in this Policy. Each time you visit the Site or use the Services, you agree and expressly consent to our collection, use and disclosure of the information that you provide as described in this Policy.  ",1.0,0.0,0.0,0.0,0.0
92," 11. How To Contact Us    If you have any questions regarding privacy or this Policy, you may contact us as follows: Telephone: 888-795-4719 Email: privacy@everydayhealth.com Address: Everyday Health, LLC 345 Hudson Street, 16th Floor New York, NY 10014    12. Privacy Policy Changes    We reserve the right to change, modify, add or remove portions of this Policy at any time and without prior notice, and any changes will become effective immediately upon being posted unless we advise you otherwise. Your continued use of the Site or Services after this Policy has been amended shall be deemed to be your continued acceptance of the terms and conditions of the Policy, as amended. We encourage you to bookmark this Web page and review this Policy regularly.",1.0,0.0,0.0,0.0,0.0
93,"We reserve the right to change, modify, add or remove portions of this Policy at any time and without prior notice, and any changes will become effective immediately upon being posted unless we advise you otherwise. Your continued use of the Site or Services after this Policy has been amended shall be deemed to be your continued acceptance of the terms and conditions of the Policy, as amended. We encourage you to bookmark this Web page and review this Policy regularly.",1.0,0.0,0.0,0.0,0.0
94,"Last updated and effective as of April 28, 2014",1.0,0.0,0.0,0.0,0.0
95," What is the effective date of this Policy and when does this policy apply?    This Policy is effective as of the date set out above. We reserve the right to modify this Policy at any time, and such revisions will become effective upon the earlier of (a) posting of the revisions to the Sites, or (b) distribution by electronic mail. Your continued use of any of the Sites or the Services after the effective date of the revisions means that you accept and agree to any such revisions. This Policy applies solely to our on-line information gathering and disclosure practices in connection with the Sites, and does not apply to any of our practices conducted off-line.  ",1.0,0.0,0.0,0.0,0.0
96,"This Policy is effective as of the date set out above. We reserve the right to modify this Policy at any time, and such revisions will become effective upon the earlier of (a) posting of the revisions to the Sites, or (b) distribution by electronic mail. Your continued use of any of the Sites or the Services after the effective date of the revisions means that you accept and agree to any such revisions.",1.0,0.0,0.0,0.0,0.0
97,We reserve the right to modify this Policy at any time,1.0,0.0,0.0,0.0,0.0
98,"merger, acquisitio",0.0,0.0,1.0,0.0,0.0
99,important change to this Privacy Polic,0.0,1.0,0.0,0.0,0.0
100,important change,0.0,1.0,0.0,0.0,0.0
101,"If we make an important change to this Privacy Policy, we will post a notification and link on our Website's homepage and within our Applications, Mobile Games and Social Games so that you may review the updated policy.",1.0,0.0,0.0,0.0,0.0
102,Food Allergy Research & Education reserves the right to change this Policy at any time.,1.0,0.0,0.0,0.0,0.0
103,been a change or update to the Privacy Policy,0.0,1.0,0.0,0.0,0.0
104,any changes to this Policy,0.0,1.0,0.0,0.0,0.0
105, Changes to this Policy   We reserve the right to modify the contents of this privacy policy as needed. All changes to this policy will be posted on the IFSA-Butler website. We encourage you to periodically review this policy to remain up to date on our privacy practices.  ,1.0,0.0,0.0,0.0,0.0
106,Changes to this Policy We reserve the right to modify the contents of this privacy policy as needed. All changes to this policy will be posted on the IFSA-Butler website. We encourage you to periodically review this policy to remain up to date on our privacy practices.,1.0,0.0,0.0,0.0,0.0
107,All changes,0.0,0.0,0.0,1.0,0.0
108,"Users will be notified via email prior to a change of ownership or control of their personal information. If as a result of the business transition, the users? personally identifiable information will be used in a manner different from that stated at the time of collection they will be given choice consistent with our notification of changes section.",0.0,0.0,1.0,0.0,0.0
109,If we decide to change our privacy policy,1.0,0.0,0.0,0.0,0.0
110,"If we decide to change our privacy policy,",1.0,1.0,0.0,0.0,0.0
111,privacy policy,0.0,1.0,0.0,0.0,0.0
112,"If, however, we are going to use users' personally identifiable information in a manner different from that stated at the time of collection",0.0,1.0,0.0,0.0,0.0
113,"if we make any material changes in our privacy practices that do not affect user information already stored in our database,",0.0,0.0,0.0,1.0,0.0
114,material changes in our privacy practices,0.0,1.0,0.0,0.0,0.0
115,"Last updated: June 23, 2015",1.0,0.0,0.0,0.0,0.0
116,Changes to This Privacy Policy and Additional Information,1.0,0.0,0.0,0.0,0.0
117,If there are significant changes,0.0,1.0,0.0,0.0,0.0
118,"We may update this Privacy Policy from time to time, and so you should review this Policy periodically. If there are significant changes to AOL's information practices, you will be provided with appropriate online notice.",1.0,0.0,0.0,0.0,0.0
119,significant changes to AOL's information practices,0.0,1.0,0.0,0.0,0.0
120,"We may update this Policy from time to time. If we make any material change to the way in which we treat your User Information,",0.0,1.0,0.0,0.0,0.0
121,"If we make any material change to the way in which we treat your User Information,",0.0,1.0,0.0,0.0,0.0
122,If we make any material change to the way in which we treat your User Information,0.0,1.0,0.0,0.0,0.0
123,"Please read this Privacy Notice carefully. By visiting and using the Site, you agree that your use of our Site, and any dispute over our online privacy practices, is governed by this Privacy Notice and our Terms of Service. Because the Web is an evolving medium, we may need to change our Privacy Notice at some point in the future, in which case we'll post the revised Privacy Notice on this website and update the ""Last Updated"" date to reflect the date of the changes. By continuing to use the Site after we post any such changes, you accept the Privacy Notice as modified. Your access of the Site for the limited and exclusive purpose of reviewing this Privacy Notice does not constitute your acceptance of this Notice unless you make any further access or use of our Site.  ",1.0,0.0,0.0,0.0,0.0
124,"Because the Web is an evolving medium, we may need to change our Privacy Notice at some point in the future, in which case we'll post the revised Privacy Notice on this website and update the ""Last Updated"" date to reflect the date of the changes. By continuing to use the Site after we post any such changes, you accept the Privacy Notice as modified.",1.0,0.0,0.0,0.0,0.0
125,"Last revised: January 07, 2014",1.0,0.0,0.0,0.0,0.0
126,If we make any material changes to our privacy practices,0.0,1.0,0.0,0.0,0.0
127,Your use of the Websites constitutes your acceptance of this Privacy Policy.,1.0,0.0,0.0,0.0,0.0
128,not,0.0,0.0,0.0,1.0,0.0
129,In the event of material changes,0.0,1.0,0.0,0.0,0.0
130,"We reserve the right to change this Privacy Policy at any time. We do not undertake to provide you with personal notice of any changes. In the event of material changes, we will provide notice by means that are reasonable under the circumstances, such as by posting a notice on the Websites. Your continued use of the Websites following the posting of changes to this Privacy Policy means you accept those changes.",1.0,0.0,0.0,0.0,0.0
131," Changes to this Privacy Policy    This Privacy Policy may be changed by Time Inc. The revised Privacy Policy will be posted to this page so that you are aware of the information we collect, how we use it, and under what circumstances we may disclose it.  ",1.0,0.0,0.0,0.0,0.0
132,This Privacy Policy may be changed by Time Inc. The revised Privacy Policy will be posted to this page,1.0,0.0,0.0,0.0,0.0
133,"This Privacy Policy was revised Jan. 2, 2014.",1.0,0.0,0.0,0.0,1.0
134,"Policy Updates If we decide to change our privacy policies and procedures,",1.0,0.0,0.0,0.0,0.0
135,"If we decide to change our privacy policies and procedures,",0.0,1.0,0.0,0.0,0.0
136,e to change our privacy policies and procedures,1.0,0.0,0.0,0.0,0.0
137,"If we modify our privacy policy on how we handle your personal information,",0.0,1.0,0.0,0.0,0.0
138,material changes to this privacy policy,0.0,1.0,0.0,0.0,0.0
139,"material changes to this privacy policy or in how we will use your personal information,",0.0,1.0,0.0,0.0,0.0
140,modify our privacy policy on how we handle your personal information,0.0,1.0,0.0,0.0,0.0
141,"This policy is current as of its last revision date. However, please note that this policy may be amended from time to time to reflect changes and additions to the privacy policy. Please check back for the most current version before relying on any of the provisions in this privacy policy.  ",1.0,0.0,0.0,0.0,0.0
142,please note that this policy may be amended from time to time to reflect changes and additions to the privacy policy. Please check back for the most current version before relying on any of the provisions in this privacy policy.,1.0,0.0,0.0,0.0,0.0
143,"This policy is current as of its last revision date. However, please note that this policy may be amended from time to time to reflect changes and additions to the privacy policy. Please check back for the most current version before relying on any of the provisions in this privacy policy.",1.0,0.0,0.0,0.0,0.0
144,Revision Date: March 24th 2015,1.0,0.0,0.0,0.0,0.0
145,Revision Date: March 24th 201,1.0,0.0,0.0,0.0,0.0
146,"However, we often acquire new companies to expand our business.",0.0,0.0,1.0,0.0,0.0
147,changes,1.0,0.0,0.0,0.0,0.0
148,Should this policy change,0.0,1.0,0.0,0.0,0.0
149,Not selected,1.0,0.0,0.0,0.0,0.0
150,If our information practices change in a significant way,0.0,1.0,0.0,0.0,0.0
151,"We may revise this privacy policy from time to time and, if we do, we will update it on this page and modify the ""LastUpdated"" date.",1.0,0.0,0.0,0.0,0.0
152,"If our information practices change in a significant way, we will provide a more prominent notice.",0.0,1.0,0.0,0.0,0.0
153,"We may revise this privacy policy from time to time and, if we do, we will update it on this page and modify the ""LastUpdated"" date. If our information practices change in a significant way, we will provide a more prominent notice.Because our privacy policy can change at any time, we encourage you to reread it periodically to see if there have been any changes that affect you.",1.0,0.0,0.0,0.0,0.0
154,We may revise this privacy policy from time to time,1.0,0.0,0.0,0.0,0.0
155,"Last Updated: October 3, 2014 s",1.0,0.0,0.0,0.0,0.0
156,we make material changes,0.0,1.0,0.0,0.0,0.0
157,if we make material changes to these practices,0.0,1.0,0.0,0.0,1.0
158,How will you know whether The Motley Fool's privacy policy has changed-,1.0,0.0,0.0,0.0,0.0
159,"involved in a merger, acquisition, or sale of all or a portion of its assets",0.0,0.0,1.0,0.0,0.0
160,we will give notice of any material change,0.0,1.0,0.0,0.0,0.0
161,t we will give notice of any material change,1.0,0.0,0.0,0.0,0.0
162,We encourage you to periodically review this page for the latest information on our privacy.,1.0,0.0,0.0,0.0,0.0
163,material change,0.0,1.0,0.0,0.0,0.0
164,"Last Updated: December 1st, 2014",1.0,0.0,0.0,0.0,0.0
165,MediaNews may change this privacy policy from time to time. The revised policy will be posted on the MediaNews Web site. Please check this page periodically for changes.,1.0,0.0,0.0,0.0,0.0
166,MediaNews may change this privacy policy from time to time. The revised policy will be posted on the MediaNews Web site. Please check this page periodically for changes.  ,1.0,0.0,0.0,0.0,0.0
167,"MediaNews may change this privacy policy from time to time. The revised policy will be posted on the MediaNews Web site. Please check this page periodically for changes. If you have any questions, comments or concerns regarding our privacy policy and/or practices, please contact the Privacy Coordinator using the contact information provided below. Please reference the applicable site. Privacy Coordinator MediaNews Group, Interactive 101 W. Colfax Ave., Suite 950 Denver, CO 80202 privacycoordinator@medianewsgroup.com (303) 563-6401",1.0,0.0,0.0,0.0,0.0
168," Policy Changes    If we decide to change our Privacy Policy, in whole or in part, we will inform you by posting the changed Privacy Policy on the Site. Your continued use of the Site constitutes your agreement to abide by the Privacy Policy as changed. If you object to any such changes, your sole recourse shall be to cease using the Site.  ",1.0,0.0,0.0,0.0,0.0
169,"If we decide to change our Privacy Policy, in whole or in part, we will inform you by posting the changed Privacy Policy on the Site. Your continued use of the Site constitutes your agreement to abide by the Privacy Policy as changed. If you object to any such changes, your sole recourse shall be to cease using the Site.",1.0,0.0,0.0,0.0,0.0
170,"f we decide to change our Privacy Policy, in whole or in part,",1.0,0.0,0.0,0.0,0.0
171,We may change the terms of this privacy statement at any time,0.0,1.0,0.0,0.0,0.0
172,"Last Updated: September 1, 2013",1.0,0.0,0.0,0.0,0.0
173,change our Privacy Policy,0.0,1.0,0.0,0.0,0.0
174,Policy changes will apply,1.0,0.0,0.0,0.0,0.0
175,If we decide to change our Privacy Policy,1.0,0.0,0.0,0.0,0.0
176," Privacy Policy Statement     Revised May 29, 2015    Thank you for choosing Allstate. We value you, respect your privacy and work hard to protect your personal information.  ",1.0,0.0,0.0,0.0,0.0
177,modify our privacy policy,0.0,1.0,0.0,0.0,0.0
178,We may modify our privacy policy from time to time.,1.0,0.0,0.0,0.0,0.0
179, Changes to the Online Privacy Policy    We may modify our privacy policy from time to time. Please take a look at the revised date at the top of this page to see when this Privacy Policy was last revised. Each of our customers receives a copy of our privacy policy annually.  ,1.0,0.0,0.0,0.0,0.0
180,may periodically update or revise this Privacy Statement.,0.0,1.0,0.0,0.0,0.0
181,"If we make a material change to our online Privacy Statement,",0.0,1.0,0.0,0.0,0.0
182,"privacy notice and the Terms and Conditions of Use may be updated or changed at any time,",0.0,1.0,0.0,0.0,0.0
183,"We May Change These Terms Whether or not you have viewed our terms and conditions of use of our Websites, or this Privacy Policy, and whether or not you have chosen to not receive notices from us, those terms and notices will still govern your use of Gamestop.com. As is the case with any business, our business changes over time, and our privacy notice and the Terms and Conditions of Use may be updated or changed at any time, as we deem appropriate. We may email reminders of our notices and conditions. You should frequently check our website to see recent changes to these terms and policies. Unless stated otherwise, our current privacy notice applies to all information that we have about you and your account.",1.0,0.0,0.0,0.0,0.0
184,Terms and Conditions of Use may be updated or changed at any time,1.0,0.0,0.0,0.0,0.0
185,"By visiting the Site(s) or using any of the Curse Features, you consent to Curse' collection, use, storage, deletion and disclosure of information relating to you as set forth in this Privacy Policy.",1.0,0.0,0.0,0.0,0.0
186, Notification of Changes    This Privacy Policy may change from time to time and we will post all changes on this page.  ,1.0,0.0,0.0,0.0,0.0
187,"Please note that these terms are subject to change,",1.0,0.0,0.0,0.0,0.0
188,"Sci-News.com does not sell, trade or rent your personal information to third parties. If we choose to do so in the future,",0.0,1.0,0.0,0.0,0.0
189,"ACCEPTANCE OF THESE TERMS Your use of the Science Website shall indicate your understanding and acceptance of the terms of this Privacy Statement. If you do not agree with all of the terms herein, you should not use the Science Website or services.",1.0,0.0,0.0,0.0,0.0
190,"If we decide to change our Privacy Statement for the Science websites,",1.0,0.0,0.0,0.0,0.0
191,"If we decide to change our Privacy Statement for the Science websites, we will post those changes here so that you will always know what information we gather, how we might use that information, and to whom we will disclose it.",1.0,0.0,0.0,0.0,0.0
192,"We reserve the right to make changes to this privacy policy at any time. If we make a material change to this privacy policy,",0.0,1.0,0.0,0.0,0.0
193,Changes to Our Privacy Policy,0.0,1.0,0.0,0.0,0.0
194,"If we make a material change to this privacy policy,",0.0,1.0,0.0,0.0,0.0
195,"Effective Date: March 5, 2014",1.0,0.0,0.0,0.0,0.0
196,Changes to this Privacy Policy,1.0,0.0,0.0,0.0,0.0
197,changes to our Services,1.0,0.0,0.0,0.0,0.0
198,  To notify you about changes to our Services  ,1.0,0.0,0.0,0.0,0.0
199,any changes we make to our Privacy Policy,1.0,0.0,0.0,0.0,0.0
200,It is our policy to post any changes we make to our Privacy Policy on this page,1.0,0.0,0.0,0.0,0.0
201,If we make material changes to how we treat our users information,0.0,1.0,0.0,0.0,0.0
202,Your continued use of the Services after such modifications will constitute your: (a) acknowledgment of the modified Privacy Policy; and (b) agreement to abide and be bound by the modified Privacy Policy.,1.0,0.0,0.0,0.0,0.0
203,use of the Services after such modifications,1.0,0.0,0.0,0.0,0.0
204,Your continued use of the Services after such modifications will constitute your: (a) acknowledgment of the modified Privacy Policy; and (b) agreement to abide and be bound by the modified Privacy Policy.  ,1.0,0.0,0.0,0.0,0.0
205,If we make material changes to how we use Personal Information collected from children under 13,0.0,1.0,0.0,0.0,0.0
206,material changes to how we use Personal Information collected from children under 13,0.0,1.0,0.0,0.0,0.0
207,"UpToDate may modify this Privacy Policy at any time, and such modifications shall be effective immediately upon posting of the modified Privacy Policy on the Website",1.0,0.0,0.0,0.0,0.0
208,"This Privacy Policy is effective as of October 27, 2007 and will remain in effect unless changed. UpToDate may modify this Privacy Policy at any time, and such modifications shall be effective immediately upon posting of the modified Privacy Policy on the Website.",1.0,0.0,0.0,0.0,0.0
209,"Last Revised: December 23, 2013   To jump to our Privacy Policy, click here   To opt-out of Third Party Tracking Technologies, click here   To opt-out of Third Party Sharing, click here   If you have a complaint about another user, click here   Kids and parents click here  ",1.0,0.0,0.0,0.0,0.0
210,The ACC website consists of several web servers. Some servers hosted by ACC may adopt different privacy statements as their specific needs require. If another ACC web server has a privacy statement that is different from this statement,0.0,0.0,0.0,0.0,1.0
211,"If we change this Privacy Statement,",1.0,1.0,0.0,0.0,0.0
212,"By using the Site, you are accepting the practices described in this Privacy Statement, as modified by us from time to time. If we change this Privacy Statement, we will post a notice on the home page of www.cariboucoffee.com and change the date at the top of this Privacy Statement, so that you are always aware of the information that we collect and how we use it. Therefore, we encourage you to check this page periodically for updates or changes whenever you visit the Site.  ",1.0,0.0,0.0,0.0,0.0
213,If we change this Privacy Statement,0.0,0.0,0.0,1.0,0.0
214,"All changes will become effective when posted, and by continuing to use the Site following the posting of any changes, you agree to be bound by such modified Privacy Statement.  ",1.0,0.0,0.0,0.0,0.0
215,This Privacy Policy may be changed,0.0,1.0,0.0,0.0,0.0
216,"This Privacy Policy may be changed by Time Inc. The revised Privacy Policy will be posted to this page so that you are aware of the information we collect, how we use it, and under what circumstances we may disclose it.",1.0,0.0,0.0,0.0,0.0
217,This Privacy Policy may be changed by Time Inc.,1.0,0.0,0.0,0.0,0.0
218,Modifications to Privacy Statement,0.0,1.0,0.0,0.0,0.0
219,"Modifications to Privacy Statement We continue to review our policies and procedures to assure that they are effective in meeting our commitments to our Merchants. Chase Paymentech reserves the right to change this Privacy Statement without notice at any time and from time to time, including as needed to comply with the rules and regulations of the various debit and credit card organizations, or to comply with applicable local, state and federal laws and regulations.",1.0,0.0,0.0,0.0,0.0
220,change this Privacy Statement,1.0,0.0,0.0,0.0,0.0
221,"We reserve the right, in our sole discretion, to change, modify, add, or remove portions of this policy at any time",1.0,0.0,0.0,0.0,0.0
222,"We reserve the right, in our sole discretion, to change, modify, add, or remove portions of this policy at any time.",0.0,1.0,0.0,0.0,0.0
223,Last Updated: March 2015,1.0,0.0,0.0,0.0,0.0
224,the right to change this policy,1.0,0.0,0.0,0.0,0.0
225,Washingtonian.com reserves the right to change this policy at any time. Please check this page periodically for changes.,1.0,0.0,0.0,0.0,0.0
226,change this policy at any time,0.0,1.0,0.0,0.0,0.0
227,"Effective Date This Privacy Policy is effective as of February 6, 2009.",1.0,0.0,0.0,0.0,0.0
228,notifications about major changes to the SIDEARM Services and/or to our Privacy Policy.,0.0,1.0,0.0,0.0,0.0
229,"Accordingly, guidelines are subject to change. In the unlikely event of such changes they will be posted on this page. If the changes represent a material departure from our current practice with respect to the use of children's personal information,",0.0,1.0,0.0,0.0,0.0
230,"If the changes represent a material departure from our current practice with respect to the use of children's personal information,",0.0,1.0,0.0,0.0,0.0
231,In the unlikely event of such changes,0.0,0.0,0.0,1.0,0.0
232,"Changes to This Policy This Privacy Policy may be amended from time to time. Any such changes will be posted on this page. If we make a significant or material change in the way we use your personal information,",0.0,1.0,0.0,0.0,0.0
233,"If we make a significant or material change in the way we use your personal information, t",0.0,1.0,0.0,0.0,0.0
234,Any such changes,0.0,0.0,0.0,1.0,1.0
235,"If we make a significant or material change in the way we use your personal information,",0.0,1.0,0.0,0.0,0.0
236,"In September 2012, we announced that Instagram had been acquired by Facebook. We knew that by teaming up with Facebook, we could build a better Instagram for you. Since then, we've been collaborating with Facebook's team on ways to do just that. As part of our new collaboration, we've learned that by being able to share insights and information with each other, we can build better experiences for our users.",0.0,0.0,1.0,0.0,0.0
237,"We're updating our Privacy Policy to highlight this new collaboration,",0.0,0.0,1.0,0.0,0.0
238,"Our new Privacy Policy is effective on January 19, 2013. To learn about how we treat information collected prior to January 19, 2013, please click here.",0.0,0.0,1.0,0.0,0.0
239,"Effective date: January 19, 2013",1.0,0.0,0.0,0.0,0.0
240,modify or update,1.0,0.0,0.0,0.0,0.0
241,"Instagram may modify or update this Privacy Policy from time to time, so please review it periodically.",1.0,0.0,0.0,0.0,0.0
242,If we make material revisions to the way we collect or use your personal information so that we are using it for purposes or sharing data with third parties that you have not consented to,0.0,1.0,0.0,0.0,0.0
243,13. UPDATES TO OUR PRIVACY POLICY,0.0,1.0,0.0,0.0,0.0
244,"Any changes to this Privacy Policy will become effective upon posting of the revised Privacy Policy on the Internet, accessible through this site.",0.0,0.0,0.0,0.0,1.0
245,last revised,1.0,0.0,0.0,0.0,0.0
246,If we make any material changes to this Privacy Policy,0.0,1.0,0.0,0.0,0.0
247,ny material changes,0.0,1.0,0.0,0.0,0.0
248,"Tribune Company reserves the right to change this policy at any time. Please check this page periodically for changes. Your continued use of the Services following the posting of changes to this policy will mean you accept those changes. If we make any material changes to this Privacy Policy, we will post the updated Privacy Policy here and notify you by email or by means of a notice on our website.",1.0,0.0,0.0,0.0,0.0
249,This privacy policy may be modified from time to time. If we decide to change our privacy policy,1.0,0.0,0.0,0.0,0.0
250,those changes,1.0,0.0,0.0,0.0,0.0
251,"If, at anytime in the future, Tulsaworld.com decides to use information provided by you in a way not described here,",0.0,1.0,0.0,0.0,0.0
252,You will be notified of the sale of all or a substantial portion of our business to a third party by email or through a prominent notice posted on the Sites,0.0,0.0,1.0,0.0,0.0
253,If we decide to change the substance of our Privacy Policy,0.0,1.0,0.0,0.0,0.0
254,Changes to Privacy Policy,0.0,1.0,0.0,0.0,0.0
255,material change is made to this Privacy Statement,0.0,1.0,0.0,0.0,0.0
256,the way we use our customers' personally identifiable information,0.0,0.0,0.0,1.0,0.0
257,"Changes to this Privacy Statement If a material change is made to this Privacy Statement and/or the way we use our customers' personally identifiable information,",0.0,1.0,0.0,0.0,0.0
258,a material change,0.0,1.0,0.0,0.0,0.0
259,How Will I Know if this Policy Changes? We will provide additional notice of significant updates.,0.0,1.0,0.0,0.0,0.0
260,We will provide additional notice of significant updates,0.0,1.0,0.0,0.0,0.0
261,We will post the date our Policy was last updated at the top of the Privacy Policy.,0.0,0.0,0.0,1.0,0.0
262,significant updates,0.0,1.0,0.0,0.0,0.0
263,We will provide additional notice of significant updates.,0.0,1.0,0.0,0.0,0.0
264,significant changes,0.0,1.0,0.0,0.0,0.0
265,We will notify you about significant changes in the way we treat personal information by sending a notice to the primary email address specified in your Yahoo account,0.0,1.0,0.0,0.0,0.0
266,We will notify you about significant changes in the way we treat personal information,0.0,1.0,0.0,0.0,0.0
267,about significant changes in the way we treat personal information,0.0,1.0,0.0,0.0,0.0
268,"Last Updated: September 25, 2014",1.0,0.0,0.0,0.0,0.0
269,these practices are therefore subject to change,1.0,0.0,0.0,0.0,0.0
270,"Please note that we review these privacy practices from time to time, and that these practices are therefore subject to change. We ask that you periodically review this page to ensure continuing familiarity with the most current version of this Web site's Privacy Policy.",1.0,0.0,0.0,0.0,0.0
271,relevant privacy information,0.0,1.0,0.0,0.0,0.0
272,"Effective date: July 1, 2004, Updated: December 23, 2013",1.0,0.0,0.0,0.0,0.0
273,"This U.S. Online Privacy Notice is subject to change. Please review it periodically. If we make changes to the U.S. Online Privacy Notice,",0.0,0.0,0.0,0.0,1.0
274,subject to change,1.0,0.0,0.0,0.0,0.0
275,"If we make changes to the U.S. Online Privacy Notice,",1.0,0.0,0.0,0.0,0.0
276,terminate its offer of any specific wireless marketing service or all wireless marketing services,0.0,1.0,0.0,0.0,0.0
277,"use a wireless telephone number, wireless or conventional Internet email address, or other Information submitted for its wireless marketing services for any other purpose but to provide the service requested",0.0,1.0,0.0,0.0,0.0
278,"If the burden or expense of providing access to your Information is disproportionate to the risks to your privacy or if the legitimate rights of others would be violated, we may decide not to provide access to such Information.",0.0,1.0,0.0,0.0,0.0
279,Notice of material changes,0.0,1.0,0.0,0.0,0.0
280,We reserve the right to revise this Privacy Policy at any time by posting an updated Privacy Policy without advance notice to you. Such revisions shall be effective immediately upon posting,0.0,0.0,0.0,1.0,0.0
281,We reserve the right to revise this Privacy Policy at any time by posting an updated Privacy Policy without advance notice to you.,0.0,1.0,0.0,0.0,0.0
282,We reserve the right to revise this Privacy Policy at any time by posting an updated Privacy Policy without advance notice to you. Such revisions shall be effective immediately upon posting.,0.0,0.0,0.0,1.0,0.0
283,"Last updated: March 25, 2015",1.0,0.0,0.0,0.0,0.0
284,"By using any of the services above, you are accepting the practices described in our Privacy Policy.",1.0,0.0,0.0,0.0,0.0
285,We may add or change the list of third party advertisers from time to time without changing the effective date of the Privacy Policy itself.,0.0,0.0,0.0,1.0,0.0
286,We may add or change the list of third party advertisers from time to time,0.0,1.0,0.0,0.0,0.0
287,We may amend this Privacy Policy from time to time.,1.0,0.0,0.0,0.0,0.0
288,When we post changes to this Privacy Policy,0.0,1.0,0.0,0.0,0.0
289,"When we post changes to this Privacy Policy,",1.0,0.0,0.0,0.0,0.0
290,"Effective Date: May 7, 2015",1.0,0.0,0.0,0.0,0.0
291,We may change or update portions of this Privacy Notice,1.0,0.0,0.0,0.0,0.0
292,We may change or update portions of this Privacy Notice at any time.,1.0,0.0,0.0,0.0,0.0
293,any changes or updates,1.0,0.0,0.0,0.0,0.0
294,"Last updated: August 26, 2014",1.0,0.0,0.0,0.0,0.0
295,"In line with these values, our privacy policy may change from time to time. If it does, we will post an updated policy on the Sites and change the ""last updated"" line above. If we make significant changes to the policy, we will provide appropriate notice to you.  ",1.0,0.0,0.0,0.0,0.0
296,significant,0.0,1.0,0.0,0.0,0.0
297,"In line with these values, our privacy policy may change from time to time. If it does, we will post an updated policy on the Sites and change the ""last updated"" line above.",1.0,0.0,0.0,0.0,0.0
298,"In line with these values, our privacy policy may change from time to time. If it does, we will post an updated policy on the Sites and change the ""last updated"" line above. If we make significant changes to the policy, we will provide appropriate notice to you",1.0,0.0,0.0,0.0,0.0
299,"f we make significant changes to the policy,",0.0,1.0,0.0,0.0,0.0
300,without notice.,1.0,0.0,0.0,0.0,0.0
301,Geekdo reserves the right to modify all or some of this Privacy Policy at any time without notice.,1.0,0.0,0.0,0.0,0.0
302,"If we modify our Privacy Policy, we may post a notice on our website",1.0,0.0,0.0,0.0,0.0
303,"Geekdo reserves the right to modify all or some of this Privacy Policy at any time without notice. If we modify our Privacy Policy, we may post a notice on our website so our users are aware of what information we collect, how we use it, and under what circumstances, if any, we disclose it. We will use information only in accordance with the Privacy Policy under which the information was collected unless we have received explicit authorization from the appropriate user(s) to do otherwise.  ",1.0,0.0,0.0,0.0,0.0
304,"Privacy Policy Changes We reserve the right to amend this Privacy Policy at any time. Any such amendments to this Policy may apply to information we collect in the future as well as any information we obtained from you prior to such amendment. We will post all changes to this Policy on the Sites,",0.0,0.0,0.0,0.0,1.0
305,Privacy Policy Changes,0.0,1.0,0.0,0.0,0.0
306,Any such amendments to this Policy,1.0,0.0,0.0,0.0,0.0
307,"By using this site or mobile application, you agree to our Privacy Policy. We may also change the policy from time to time, so please be sure to visit this site often to see if anything has changed. If we post changes and you continue to use the site, you will be deemed to have agreed to the changes.",1.0,0.0,0.0,0.0,0.0
308,change the policy from time to time,0.0,1.0,0.0,0.0,0.0
309,"We may also change the policy from time to time,",1.0,0.0,0.0,0.0,0.0
310,MediaNews may change this privacy policy from time to time.,1.0,1.0,0.0,0.0,0.0
311,change this privacy policy,0.0,1.0,0.0,0.0,0.0
312,If we decide to change our Privacy Policy in the future,1.0,0.0,0.0,0.0,0.0
313," Changes to Our Online Privacy Policy:    Digital technology is rapidly evolving. If we decide to change our Privacy Policy in the future, we'll post the changes here and indicate at the top of the policy the last date on which it was updated. Unless otherwise noted, all changes will be effective when posted.  ",1.0,0.0,0.0,0.0,0.0
314,Kaleida Health may change our privacy practices from time to time.,1.0,0.0,0.0,0.0,0.0
315,"How To Obtain A Copy Of Revised Notice. Kaleida Health may change our privacy practices from time to time. If we do, we will revise this notice so you will have an accurate summary of our practices. The revised notice will apply to all of your health information. Kaleida Health will post any revised notice in our hospital reception area. You will also be able to obtain your own copy of the revised notice by accessing our website at www.Kaleidahealth.org, calling our office at 716-859-8559 or asking for one at the time of your next visit. The effective date of the notice will always be noted in the top right corner of the first page. Kaleida Health is required to abide by the terms of the notice that is currently in effect.  ",1.0,0.0,0.0,0.0,0.0
316,"The CBS Interactive Privacy Policy has been updated. Please review the updated privacy policy carefully before using the CBS Interactive Services. By using any of the CBS Interactive Services, you consent to the terms of the updated privacy policy.",1.0,0.0,0.0,0.0,0.0
317,"Note: The CBS Interactive Privacy Policy has been updated. Please review the updated privacy policy carefully before using the CBS Interactive Services. By using any of the CBS Interactive Services, you consent to the terms of the updated privacy policy. Click here for more information about the updates.",1.0,0.0,0.0,0.0,0.0
318,"changes to the Terms and Conditions, any subscriber agreement, this Privacy Statement,",1.0,0.0,0.0,0.0,0.0
319,"changes to the Terms and Conditions, any subscriber agreement, this Privacy Statement",0.0,1.0,0.0,0.0,0.0
320,account status,0.0,0.0,0.0,1.0,0.0
321,any other policies or agreements relevant to Site visitors,1.0,0.0,0.0,0.0,0.0
322,SRL may change this Privacy Statement at any time.,0.0,1.0,0.0,0.0,0.0
323,"SRL may change this Privacy Statement at any time. Notice of any new or revised Privacy Statement, as well as the location of the new or revised statement, will be posted on the Site for at least 60 days after the change.",0.0,0.0,0.0,0.0,1.0
324,NARA reserves the right to review links and add or remove links at any time for any reason consistent with Federal policy or NARA guidance.,0.0,1.0,0.0,0.0,0.0
325,"Last Updated: March 1, 2015",1.0,0.0,0.0,0.0,0.0
326,"any such change in ownership or control of your personal information. For more information see the ""Changes in Our Privacy Policy"" section below.",0.0,0.0,1.0,0.0,0.0
327,notified via e-mail of any such change in ownership or control of your personal information,0.0,1.0,0.0,0.0,0.0
328,change in ownership,0.0,0.0,1.0,0.0,0.0
329,control of your personal information,0.0,1.0,0.0,0.0,0.0
330,"If we make material changes (including material changes in the way we use or share user personal information, such as using information for purposes materially different from those disclosed in this Privacy Policy),",0.0,1.0,0.0,0.0,0.0
331,This Privacy Policy is subject to change by JibJab from time to time.,1.0,0.0,0.0,0.0,0.0
332,"material changes (including material changes in the way we use or share user personal information, such as using information for purposes materially different from those disclosed in this Privacy Policy),",0.0,1.0,0.0,0.0,0.0
333, IX. CHANGES TO THIS PRIVACY POLICY    THE MRC reserves the right to change this Privacy Policy at any time. Please check this page periodically for changes. We will post a notice on this Website if and when this policy changes to alert visitors that a new policy is in place.  ,1.0,0.0,0.0,0.0,0.0
334,THE MRC reserves the right to change this Privacy Policy at any time. Please check this page periodically for changes. We will post a notice on this Website if and when this policy changes to alert visitors that a new policy is in place.,1.0,0.0,0.0,0.0,0.0
335,Material,0.0,1.0,0.0,0.0,0.0
336,"Material that is, really important changes to the way we use or disclose personally identifiable information will apply on a going-forward basis, unless we have your express consent to change the way we use or disclose the personally identifiable information we collected when the earlier version of this Privacy Policy was in effect.",0.0,1.0,0.0,0.0,0.0
337,are the primary means by which FSD provides you with notice and choice regarding its collection and use of your personal information.,0.0,0.0,0.0,0.0,1.0
338,FSD may modify this Privacy Policy,1.0,0.0,0.0,0.0,0.0
339,FSD may modify this Privacy Policy.,0.0,1.0,0.0,0.0,0.0
340,Any changes,1.0,0.0,0.0,0.0,0.0
341,changes to the policy,0.0,1.0,0.0,0.0,0.0
342,"If we make a material change to the way in which we collect, use, and/or share your personal information",0.0,1.0,0.0,0.0,0.0
343,"If we make a material change to the way in which we collect, use, and/or share your personal information,",0.0,1.0,0.0,0.0,0.0
344,"Changes to this Privacy Statement The contents of this statement may be altered at any time, at our discretion.",1.0,0.0,0.0,0.0,0.0
345,Changes to this Privacy Statement,0.0,1.0,0.0,0.0,0.0
346,"The contents of this statement may be altered at any time, at our discretion.",1.0,0.0,0.0,0.0,0.0
347,"Whenever Kinja changes its privacy policy, we will post those changes to this Privacy Policy page,",1.0,0.0,0.0,0.0,0.0
348," 7. Notification of Changes    Whenever Kinja changes its privacy policy, we will post those changes to this Privacy Policy page, and other places we deem appropriate so our users are always aware of what information we collect, how we use it, and under what circumstances, if any, we disclose it. The prior version of our Privacy Policy is found here (the version before that is found here) and more on why we've made the most recent changes here. You are responsible for reviewing and becoming familiar with any changes to this agreement.  ",1.0,0.0,0.0,0.0,0.0
349,"This Privacy Policy was most recently updated February 11, 2015.",1.0,0.0,0.0,0.0,0.0
350,"This page reflects the current policy at any given time. It may be updated occasionally. It was most recently updated on May 21, 2015.",1.0,0.0,0.0,0.0,0.0
351,"Last Updated on June 10, 2015",1.0,0.0,0.0,0.0,0.0
352,This Privacy Policy may be amended from time to time. Any such changes will be posted on this page.,0.0,0.0,0.0,1.0,0.0
353,If we make a significant or material change in the way we use your personal information,0.0,1.0,0.0,0.0,0.0
354,change this policy,1.0,1.0,0.0,0.0,0.0
355,"MODIFICATION TO THIS POLICY   Liquor.com reserves the right to change this policy from time to time, however, all changes will be posted to this Privacy Policy at the time such changes are made. The date of the most recent revisions will appear on this page so please check back.   Please note that continued access of Liquor.com will constitute your acceptance of any changes or revisions to the Privacy Policy.   Thank you for taking the time and interest to review our policies at Liquor.com. If you have concerns or questions about any aspect of the Liquor.com Privacy Policy, please contact us. We welcome your questions and feedback.   Please send all emails to: info@liquor.com.   Thank you,   Liquor.com",1.0,0.0,0.0,0.0,0.0
356,Updated as of May 2014,1.0,0.0,0.0,0.0,0.0
357,We may update this Privacy Policy from time to time.,1.0,0.0,0.0,0.0,0.0
358,"If under any such update we make any material change to the way in which we treat your User Information,",0.0,1.0,0.0,0.0,0.0
359,make any material change to the way in which we treat your User Information,0.0,1.0,0.0,0.0,0.0
360,material change to the way in which we treat your User Information,0.0,1.0,0.0,0.0,0.0
361,"Last updated on October 1, 2013",1.0,0.0,0.0,0.0,0.0
362,YOU ARE BOUND BY OUR PRIVACY POLICY,1.0,0.0,0.0,0.0,0.0
363,"If we make a material change to this Privacy Policy, we will notify you here, by email, or by means of a notice on our home page. If necessary we will give you additional choices regarding such change in these notices. Your continued use of the Online Services will signify your acceptance of these changes.",0.0,1.0,0.0,0.0,0.0
364,y significant or material changes,0.0,1.0,0.0,0.0,0.0
365,This privacy policy may be amended from time to time. Any such changes will be posted on this page.,1.0,0.0,0.0,0.0,0.0
366,We will notify you of any significant or material changes in the way we treat your information,0.0,1.0,0.0,0.0,0.0
367,any significant or material changes in the way we treat your information,0.0,1.0,0.0,0.0,0.0
368,This privacy policy may be amended from time to time.,1.0,0.0,0.0,0.0,0.0
369,changes substantially alter your rights,0.0,1.0,0.0,0.0,0.0
370,minor changes,0.0,0.0,0.0,1.0,0.0
371,"Where the changes substantially alter your rights,",0.0,1.0,0.0,0.0,0.0
372,More minor changes,0.0,0.0,0.0,1.0,0.0
373,"We reserve the right to change this policy to meet the changing needs of reddit, or for any other reason. If we make changes, we will notify our users. Where the changes substantially alter your rights, notice will appear prominently on your front page.",0.0,1.0,0.0,0.0,0.0
374,"Privacy Policy   Last revised on December 31, 2014  ",1.0,0.0,0.0,0.0,0.0
375,Changes to This privacy policy,0.0,1.0,0.0,0.0,0.0
376,"10. Changes to This privacy policy. This privacy policy is subject to occasional revision, and if we make any material changes in the way we use your PersonallyIdentifiable Information,",0.0,1.0,0.0,0.0,0.0
377,"if we make any material changes in the way we use your PersonallyIdentifiable Information,",0.0,1.0,0.0,0.0,0.0
378,"This privacy policy is subject to occasional revision,",0.0,0.0,0.0,1.0,0.0
