,Clause,Perform service,Unspecified,Service operation and security,Legal requirement,Analytics/Research,Other,Advertising,Marketing
0,"Even if you do not opt-in to receive promotional information or you have opted-in and then later choose to opt-out, we reserve the right to contact you as necessary in our sole discretion regarding The Hill, any request you have made for services or products from The Hill, changes to this Privacy Policy and any other matters that may be relevant to the information we collect.",1.0,0.0,0.0,0.0,0.0,0.0,0.0,0.0
1,This information may stay in our backup files.,0.0,1.0,0.0,0.0,0.0,0.0,0.0,0.0
2,for our business,1.0,0.0,0.0,0.0,0.0,0.0,0.0,0.0
3,"resolve disputes, enforce our agreements",0.0,0.0,1.0,0.0,0.0,0.0,0.0,0.0
4,otherwise required by law,0.0,0.0,0.0,1.0,0.0,0.0,0.0,0.0
5,"for our business. We also keep information to resolve disputes, enforce our agreements and as otherwise required by law.",0.0,0.0,1.0,0.0,0.0,0.0,0.0,0.0
6,as otherwise required by law.,0.0,0.0,0.0,1.0,0.0,0.0,0.0,0.0
7,"to resolve disputes, enforce our agreements and as otherwise required by law.",0.0,0.0,1.0,0.0,0.0,0.0,0.0,0.0
8," Information Collected and Stored Automatically    When you visit USA.gov, we may store some or all of the following: the Internet protocol address from which you access USA.gov, date and time, the name of the web site from which you linked to USA.gov, the name of the file or words you searched, items clicked on a page, and the browser and operating system used.  ",0.0,1.0,0.0,0.0,0.0,0.0,0.0,0.0
9,Except for authorized law enforcement investigations,0.0,0.0,0.0,1.0,0.0,0.0,0.0,0.0
10,authorized law enforcement investigations,0.0,0.0,0.0,1.0,0.0,0.0,0.0,0.0
11,"  Information You Give Us: We receive and store any information you enter on our Web site or give us in any other way. Click here to see examples of what we collect. You can choose not to provide certain information, but then you might not be able to take advantage of many of our features. We use the information that you provide for such purposes as responding to your requests, customizing future shopping for you, improving our stores, and communicating with you.  ",0.0,1.0,0.0,0.0,0.0,0.0,0.0,0.0
12,for such purposes as,0.0,1.0,0.0,0.0,0.0,0.0,0.0,0.0
13,responding to your requests,1.0,0.0,0.0,0.0,0.0,0.0,0.0,0.0
14,improving our stores,0.0,0.0,0.0,0.0,1.0,0.0,0.0,0.0
15,"  Automatic Information: We receive and store certain types of information whenever you interact with us. For example, like many Web sites, we use ""cookies,"" and we obtain certain types of information when your Web browser accesses Amazon.com or advertisements and other content served by or on behalf of Amazon.com on other Web sites. Click here to see examples of the information we receive.  ",0.0,1.0,0.0,0.0,0.0,0.0,0.0,0.0
16,whenever,0.0,1.0,0.0,0.0,0.0,0.0,0.0,0.0
17,"  You can add or update certain information on pages such as those referenced in the Which Information Can I Access? section. When you update information, we usually keep a copy of the prior version for our records.  ",0.0,1.0,0.0,0.0,0.0,0.0,0.0,0.0
18,for our records.,0.0,1.0,0.0,0.0,0.0,0.0,0.0,0.0
19,keep a copy of the prior version for our records,0.0,1.0,0.0,0.0,0.0,0.0,0.0,0.0
20,"When you update information, we usually keep a copy of the prior version for our records.",0.0,0.0,0.0,0.0,0.0,1.0,0.0,0.0
21," 7. Data Security, Integrity and Retention    The security, integrity and confidentiality of your information are extremely important to us. We have implemented technical, administrative and physical security measures that are designed to protect guest information from unauthorized access, disclosure, use and modification. From time to time, we review our security procedures to consider appropriate new technology and methods. Please be aware though that, despite our best efforts, no security measures are perfect or impenetrable.We will retain your personal information for the length of time needed to fulfill the purposes outlined in this privacy policy unless a longer retention period is required or permitted by law.  ",0.0,1.0,0.0,0.0,0.0,0.0,0.0,0.0
22,purposes,1.0,1.0,0.0,0.0,0.0,0.0,0.0,0.0
23,length of time needed to fulfill the purposes outlined in this privacy policy,1.0,0.0,0.0,0.0,0.0,0.0,0.0,0.0
24,for the length of time needed to fulfill the purposes outlined in this privacy policy unless a longer retention period is required or permitted by law.,0.0,0.0,0.0,0.0,0.0,1.0,0.0,0.0
25,"Aggregated data: We maintain automatic information in aggregated form, not associated with your IP address or personally identifiable information.  ",0.0,1.0,0.0,0.0,0.0,0.0,0.0,0.0
26,"Furthermore, we will not keep your credit card number in our database once a transaction is completed.",1.0,0.0,0.0,0.0,0.0,0.0,0.0,0.0
27,transaction is completed.,1.0,0.0,0.0,0.0,0.0,0.0,0.0,0.0
28,"Any information or content that you voluntarily disclose for posting to the Service (for instance, in User Content you post on message boards, in chat areas, or leave a comment to an article) becomes available to the public. You should be aware that even if you remove User Content, copies may remain viewable in cached and archived pages or if other users have copied or stored your User Content.  ",0.0,1.0,0.0,0.0,0.0,0.0,0.0,0.0
29,"We may store personal information in locations outside the direct control of Company (for instance, on servers or databases co-located with hosting providers).",0.0,1.0,0.0,0.0,0.0,0.0,0.0,0.0
30,to send articles or links by e-mail to other parties,1.0,0.0,0.0,0.0,0.0,0.0,0.0,0.0
31,any e-mail addresses of either the sender or recipient of such articles or links after they are sent,0.0,0.0,0.0,0.0,0.0,1.0,0.0,0.0
32,Not selected,0.0,1.0,0.0,0.0,0.0,0.0,0.0,0.0
33,"In addition, by choosing to log in to our Sites using your credentials from a social media service, you are asking that service to send us certain information from your account with the service, and you authorize us to collect, store and use such information in accordance with this Privacy Policy.  ",0.0,1.0,0.0,0.0,0.0,0.0,0.0,0.0
34,"Email address: We may collect a child's email address in order to respond to a one-time request from the child,",1.0,0.0,0.0,0.0,0.0,0.0,0.0,0.0
35,in order to respond to a one-time request from the child,1.0,0.0,0.0,0.0,0.0,0.0,0.0,0.0
36,for any longer than reasonably necessary to send the email or card to the friend.,1.0,0.0,0.0,0.0,0.0,0.0,0.0,0.0
37,o send the email or card to the friend.,1.0,0.0,0.0,0.0,0.0,0.0,0.0,0.0
38,"If the newsletter is declined,",1.0,0.0,0.0,0.0,0.0,0.0,0.0,0.0
39,after the promotion or use the child's email address for any other purpose other than for the promotion.,1.0,0.0,0.0,0.0,0.0,0.0,0.0,0.0
40,or use the child's email address for any other purpose other than for the promotion.,1.0,0.0,0.0,0.0,0.0,0.0,0.0,0.0
41,"The time period for which we keep information varies according to the purpose for which it is used for. In some cases, there are legal requirements to keep data for a minimum period. Unless there is a specific legal requirement for us to keep the information, we will retain it for no longer than is necessary for the purposes for which the data was collected or for which it is to be further processed.  ",0.0,1.0,0.0,0.0,0.0,0.0,0.0,0.0
42,legal requirements,0.0,0.0,0.0,1.0,0.0,0.0,0.0,0.0
43,or the purposes for which the data was collected or for which it is to be further processed.,1.0,0.0,0.0,0.0,0.0,0.0,0.0,0.0
44,for the purposes for which the data was collected,0.0,0.0,0.0,0.0,0.0,1.0,0.0,0.0
45,legal requirements to keep data for a minimum period.,0.0,0.0,0.0,1.0,0.0,0.0,0.0,0.0
46,unless we have to keep that information for legitimate business or legal purposes.,0.0,0.0,0.0,1.0,0.0,0.0,0.0,0.0
47,manner that protects information from accidental or malicious destruction,0.0,0.0,0.0,0.0,0.0,1.0,0.0,0.0
48,"We aim to maintain our services in a manner that protects information from accidental or malicious destruction. Because of this,",0.0,0.0,1.0,0.0,0.0,0.0,0.0,0.0
49,"to administer the programs and services in which you choose to participate,",1.0,0.0,0.0,0.0,0.0,0.0,0.0,0.0
50,to administer the programs and services in which you choose to participate,1.0,0.0,0.0,0.0,0.0,0.0,0.0,0.0
51,community and visitors.,1.0,0.0,0.0,0.0,0.0,0.0,0.0,0.0
52," Online Community Users    Barnes & Noble provides you with the ability to access, correct, change or request deletion of the personal information in your community profile(s) at any time by following the instructions below. We will respond to all access requests within 30 days. However, you cannot currently change your profile name although you may re-register and choose a new name. To review or modify your profile information, please click here. Please be advised that Barnes & Noble may archive information it collects on its community and visitors. Additionally, by participating in the Barnes & Noble online interactive community, and using Barnes & Noble's various interactive offerings, including, the submission of customer reviews, or participation in the Barnes & Noble Book Clubs, you agree to receive communications from Barnes & Noble, other users, and moderators related to the provision of these services.  ",0.0,1.0,0.0,0.0,0.0,0.0,0.0,0.0
53,"If you are a Minor under the age of 18, you may request and obtain removal of certain content or information posted on Barnes & Noble Websites and Apps by sending an email to privacy@barnesandnoble.com with ?Privacy Rights for Minors? in the subject line. Please be advised that our removal of your post(s) does not ensure complete or comprehensive removal of the content or information you have posted on Barnes & Noble Websites or Apps.  ",0.0,1.0,0.0,0.0,0.0,0.0,0.0,0.0
54,legal obligations,0.0,0.0,0.0,1.0,0.0,0.0,0.0,0.0
55,"resolve disputes, and enforce our agreements",0.0,0.0,1.0,0.0,0.0,0.0,0.0,0.0
56,"use your information as necessary to comply with our legal obligations, resolve disputes, and enforce our agreements.",0.0,0.0,0.0,1.0,0.0,0.0,0.0,0.0
57,provide you with services.,1.0,0.0,0.0,0.0,0.0,0.0,0.0,0.0
58,o comply with our legal obligations,0.0,0.0,0.0,1.0,0.0,0.0,0.0,0.0
59,as needed to provide you with services,1.0,0.0,0.0,0.0,0.0,0.0,0.0,0.0
60,for authentication,0.0,0.0,1.0,0.0,0.0,0.0,0.0,0.0
61,other purposes.,0.0,1.0,0.0,0.0,0.0,0.0,0.0,0.0
62,"In such a case, some features of the website may not work as intended.",1.0,0.0,0.0,0.0,0.0,0.0,0.0,0.0
63,advertisements,0.0,0.0,0.0,0.0,0.0,0.0,1.0,0.0
64,"OpenSecrets.org uses Google Analytics to learn how people use the site and to improve our services. We also collect standard log files from our systems to ensure the integrity of our services and for troubleshooting purposes. Included in these log files are the date, the IP address and the URL of the request. Log files are typically deleted from our servers after 90 days. Aggregate information that does not personally identify you may be shared with funders or potential future advertisers.  ",0.0,1.0,0.0,0.0,0.0,0.0,0.0,0.0
65,"We also collect standard log files from our systems to ensure the integrity of our services and for troubleshooting purposes. Included in these log files are the date, the IP address and the URL of the request.",0.0,0.0,1.0,0.0,0.0,0.0,0.0,0.0
66,to ensure the integrity of our services and for troubleshooting purposes.,0.0,0.0,1.0,0.0,0.0,0.0,0.0,0.0
67,improve the site,1.0,0.0,0.0,0.0,1.0,0.0,0.0,0.0
68,to improve the site,0.0,0.0,0.0,0.0,1.0,0.0,0.0,0.0
69,when your browser,1.0,0.0,0.0,0.0,0.0,0.0,0.0,0.0
70,"Keep in mind, however, that even if you delete information from your profile, we may retain your Personal Information in conformance with our data retention policy and Personal Information may remain within our databases, access logs, and other records. In addition, we are not responsible for updating or removing your Personal Information contained in the lists or databases of third parties who have been provided information as permitted by this Policy.  ",0.0,1.0,0.0,0.0,0.0,0.0,0.0,0.0
71,internal account management and fraud prevention.,0.0,0.0,1.0,0.0,0.0,0.0,0.0,0.0
72,the purpose of internal account management and fraud prevention.,1.0,0.0,0.0,0.0,0.0,0.0,0.0,0.0
73,"Remember that when you share information publicly online, it may be indexable by search engines or recorded by others, and any search engine index or record of your information may persist after you delete the information at the original source.  ",0.0,1.0,0.0,0.0,0.0,0.0,0.0,0.0
74,aggregate reports for internal use,0.0,0.0,0.0,0.0,1.0,0.0,0.0,0.0
75,s are used to create aggregate reports for internal use only,0.0,0.0,0.0,0.0,0.0,1.0,0.0,0.0
76,for verification purposes,0.0,0.0,1.0,0.0,0.0,0.0,0.0,0.0
77,for recurring donations,1.0,0.0,0.0,0.0,0.0,0.0,0.0,0.0
78,The personal information collected about you through our online applications and in our communications with you is stored in our internal database,0.0,1.0,0.0,0.0,0.0,0.0,0.0,0.0
79,sole purpose of sending this one-time email and tracking the success of our referral program,0.0,0.0,0.0,0.0,0.0,1.0,0.0,0.0
80,for the sole purpose of sending this one-time email and tracking the success of our referral program.,1.0,0.0,0.0,0.0,0.0,0.0,0.0,0.0
81,"Log information . This is information we automatically collect and store when you use our Services or other companies' websites and apps in the AOL Advertising Network. It may include, for example:     Information about your interactions with the websites, apps, and other services you use, the content you view, the search queries you submit, and information in cookies and similar technologies;     Information about how you access those websites, apps, and other services, your browser or operating system, your Internet Protocol (""IP"") address, and the website you visited before visiting our Services.  ",0.0,1.0,0.0,0.0,0.0,0.0,0.0,0.0
82,to investigate any violation of terms of use or alleged harmful or illegal activity,0.0,0.0,0.0,1.0,0.0,0.0,0.0,0.0
83," How We Collect Information    Information You Provide. We may collect and store information that you voluntarily supply to us while on our Site. This may include information that can be used to contact or identify you, such as your name, email address, or postal address. Some examples of this type of information include information that you electronically submit when you contact us with questions or participate in contests, surveys or sweepstakes, information that you post on blogs, discussion forums or other community posting and social networking areas on our Site, and information that you electronically submit when you complete an online registration form to access and use certain features of our Site. We also may ask for information (including a credit card number and other financial information) from those users who make purchases or have payment transactions on our Site.  ",0.0,1.0,0.0,0.0,0.0,0.0,0.0,0.0
84,we may retain your personal information in back-up storage after deactivation,0.0,1.0,0.0,0.0,0.0,0.0,0.0,0.0
85,"We have opted for this alternative approach. If you would like to modify any personal information you previously submitted our sites or apps, visit your account information section for each site or app to which you made the submission. If you have agreed to receive communications from us or to permit us to share your personal information with third parties, you may request that, in the future, we not send you communications or share your personal information by writing to our Legal Department at our corporate address below or by visiting your account information section for each site or app. Please note, however, that we reserve the right to send you administrative messages relating to the site or app (e.g., about changes to this Privacy Policy). If at any time you would like us to deactivate your member profile, please write to us at our corporate address or visit your account information section for each site and app. Please note that (1) we may retain your personal information in back-up storage after deactivation, and (2) we are not responsible for removing information about you from the database of any third parties to whom you previously authorized us to share your personal information.  ",0.0,1.0,0.0,0.0,0.0,0.0,0.0,0.0
86,"We may store the Personally Identifiable Information we hold about you indefinitely. We may store this information in the United States or we may transfer it to any other country. The data protection laws of the countries where we store your personal data may or may not provide a level of protection equivalent to the laws in your home country. Wherever we hold the data, we will apply the terms of this Privacy Policy.  ",0.0,1.0,0.0,0.0,0.0,0.0,0.0,0.0
87,"We encourage you to review, update, and correct the personal information that we maintain about you, and you may request that we delete personal information about you that is inaccurate, incomplete, or irrelevant for legitimate purposes, or are being processed in a way which infringes any applicable legal requirements, by contacting us as set out in the ""How to Contact Us"" section below. At our election, instead of deleting such information, we may retain it with your comment or correction noted in our records. By contacting us, you may also object to our further use of your personal information if you have compelling legitimate grounds (this may involve closing your account). We may ask you to verify your identity and to provide other details before we are able to provide you with any information, correct any inaccuracies, or delete any information. Your right to review, update, correct, and delete your personal information may be limited, subject to the law or your jurisdiction: (i) if your requests are abusive or unreasonably excessive, (ii) where the rights or safety of another person or persons would be encroached upon, or (iii) if the information or material you request relates to existing or anticipated legal proceedings between you and us, or providing access to you would prejudice negotiations between us or an investigation of possible unlawful activity. Your right to review, update, correct and delete your information is subject to our records retention policies and applicable law, including any statutory retention requirements.  ",0.0,1.0,0.0,0.0,0.0,0.0,0.0,0.0
88,as long as we need it for purposes not prohibited by applicable laws.,0.0,1.0,0.0,0.0,0.0,0.0,0.0,0.0
89,"We will retain your personal information while you have an account with us and thereafter for as long as we need it for purposes not prohibited by applicable laws. Thereafter, we will either delete your personal information or de-identify it so that it",1.0,0.0,0.0,0.0,0.0,0.0,0.0,0.0
90,is used to fulfill your request.,1.0,0.0,0.0,0.0,0.0,0.0,0.0,0.0
91,to improve the services we provide you and to help us promote products and services that are of most interest to you.,0.0,0.0,0.0,0.0,0.0,0.0,0.0,1.0
92,"This information is collected and used to generate statistics, measure site activity, and improve the usefulness of our sites.",0.0,0.0,0.0,0.0,1.0,0.0,0.0,0.0
93,only in a manner appropriate to fulfill your request.,1.0,0.0,0.0,0.0,0.0,0.0,0.0,0.0
94,legal,0.0,0.0,0.0,1.0,0.0,0.0,0.0,0.0
95,"payment, accounting, technical, dispute resolution",0.0,0.0,0.0,0.0,0.0,1.0,0.0,0.0
96,"enforcement of our sites. and services' terms of use,",0.0,0.0,1.0,0.0,0.0,0.0,0.0,0.0
97,customer service.,1.0,0.0,0.0,0.0,0.0,0.0,0.0,0.0
98,"s such as legal,",0.0,0.0,0.0,1.0,0.0,0.0,0.0,0.0
99,"payment, accounting, technical, dispute resolution, enforcement of our sites",0.0,0.0,1.0,0.0,0.0,0.0,0.0,0.0
100,payment,1.0,0.0,0.0,0.0,0.0,0.0,0.0,0.0
101,"accounting, technical, dispute resolution, enforcement of our sites. and services' terms of use, or customer service.",0.0,0.0,1.0,0.0,0.0,0.0,0.0,0.0
102,to fulfill the purposes outlined in this privacy policy,0.0,0.0,1.0,0.0,0.0,1.0,0.0,0.0
103,"for the period necessary to fulfill the purposes outlined in this privacy policy,",1.0,0.0,0.0,0.0,0.0,0.0,0.0,0.0
104,unless a longer retention period is required or permitted by applicable law.,0.0,0.0,0.0,1.0,0.0,0.0,0.0,0.0
105,required or permitted by applicable law,0.0,0.0,0.0,1.0,0.0,0.0,0.0,0.0
106,purpose of credit card and payment processing on our behalf.,1.0,0.0,0.0,0.0,0.0,0.0,0.0,0.0
107,may be required underHIPAA and other applicable laws or regulations,0.0,0.0,0.0,1.0,0.0,0.0,0.0,0.0
108,"Upon termination of our Business Associate Agreement with a particular healthcare provider, we generally must return or destroy all protected health information received on behalf of or created for that particular healthcare provider and then maintained in any form by us or a subcontractor. I",1.0,0.0,0.0,0.0,0.0,0.0,0.0,0.0
109,support the mission of the Smithsonian Websites,1.0,0.0,0.0,0.0,0.0,0.0,0.0,0.0
110,We will not use these email addresses for any other purpose,0.0,0.0,0.0,0.0,0.0,1.0,0.0,0.0
111,to identify content that we think is relevant to you,0.0,0.0,0.0,0.0,1.0,0.0,0.0,0.0
112,"to comply with our legal obligations, resolve disputes, and enforce our Fool Rules and take other actions otherwise permitted by law.",0.0,0.0,0.0,1.0,0.0,0.0,0.0,0.0
113,"to comply with our legal obligations,",0.0,0.0,0.0,1.0,0.0,0.0,0.0,0.0
114,"resolve disputes,",0.0,0.0,0.0,0.0,0.0,1.0,0.0,0.0
115,enforce our Fool Rules,0.0,0.0,1.0,0.0,0.0,0.0,0.0,0.0
116,"will retain and use your information as necessary to comply with our legal obligations, resolve disputes",0.0,0.0,0.0,1.0,0.0,0.0,0.0,0.0
117,enforce our Fool Rules and take other actions,0.0,0.0,1.0,0.0,0.0,0.0,0.0,0.0
118,etain this information only to provide the forwarding services,1.0,0.0,0.0,0.0,0.0,0.0,0.0,0.0
119,after the particular event is completed.,1.0,0.0,0.0,0.0,0.0,0.0,0.0,0.0
120,support the mission of our Library of Congress web properties.,0.0,0.0,0.0,0.0,0.0,1.0,0.0,0.0
121,we use commercial software products to analyze and report on aggregated web metrics data.,0.0,0.0,0.0,0.0,1.0,0.0,0.0,0.0
122,"The Library wants to provide our users with the best online experience possible. As such, we use commercial software products to analyze and report on aggregated web metrics data.",0.0,0.0,0.0,0.0,1.0,0.0,0.0,0.0
123,"Some of these sites provide games and activities, and occasionally, we collect personally identifiable information in order to complete the one-time game or activity. We do not use the information for any other purpose",1.0,0.0,0.0,0.0,0.0,0.0,0.0,0.0
124,When we execute such searches on your behalf,1.0,0.0,0.0,0.0,0.0,0.0,0.0,0.0
125,"Your location information is stored on Allstate's servers and retained by Allstate until you delete the application from your device. When we execute such searches on your behalf we do not transfer your identity or personally identifiable information to third parties, other than with service providers necessary to help perform this function. This information is not used to create a profile about you or your activities.  ",0.0,1.0,0.0,0.0,0.0,0.0,0.0,0.0
126,we execute such searches on your behalf,1.0,0.0,0.0,0.0,0.0,0.0,0.0,0.0
127," We Gather the Following Personal Information About Customers:    Information That You Give Us: We receive and store any information you enter on our Websites or that you give us in any other way. You can choose not to provide certain information, but this will limit your ability to purchase products offered on the Websites, or to take advantage of some features or promotions.  ",0.0,1.0,0.0,0.0,0.0,0.0,0.0,0.0
128,we may keep a copy of the previous information for our records,0.0,0.0,0.0,0.0,0.0,1.0,0.0,0.0
129,"Please note that when you delete your account, we may retain your account information for a reasonable period of time afterward for the purpose of internal account management and fraud prevention activities.",0.0,0.0,1.0,0.0,0.0,0.0,0.0,0.0
130,reasonable period of time after,1.0,0.0,0.0,0.0,0.0,0.0,0.0,0.0
131,we may keep a record,0.0,1.0,0.0,0.0,0.0,0.0,0.0,0.0
132,"in an effort to make your repeat use of our website more efficient, practical, and relevant.",0.0,0.0,0.0,0.0,0.0,1.0,0.0,0.0
133,promotional purpose through one of our websites,0.0,0.0,0.0,0.0,0.0,0.0,0.0,1.0
134,or to make a purchase from the PlayStation Shop,1.0,0.0,0.0,0.0,0.0,0.0,0.0,0.0
135,"Email addresses collected from consumers during the use of the E-Cards or ""Send-to-a-Friend"" email feature on our websites are not retained by us, and are only used to send a one-time email notification on a consumer's behalf.",1.0,0.0,0.0,0.0,0.0,0.0,0.0,0.0
136,so that we may assist these customers with current or future service issues.,1.0,0.0,0.0,0.0,0.0,0.0,0.0,0.0
137,necessary to fulfill the purposes outlined in this policy,0.0,0.0,0.0,0.0,0.0,1.0,0.0,0.0
138,for the period necessary to fulfill the purposes outlined in this policy,1.0,0.0,0.0,0.0,0.0,0.0,0.0,0.0
139,Where we store data,0.0,1.0,0.0,0.0,0.0,0.0,0.0,0.0
140,stored at,0.0,1.0,0.0,0.0,0.0,0.0,0.0,0.0
141,"the fulfilment of your order,",1.0,0.0,0.0,0.0,0.0,0.0,0.0,0.0
142,the processing of your payment details,1.0,0.0,0.0,0.0,0.0,0.0,0.0,0.0
143,the provision of support services,0.0,0.0,1.0,0.0,0.0,0.0,0.0,0.0
144,"transfer, storing or processing.",0.0,1.0,0.0,0.0,0.0,0.0,0.0,0.0
145,"the fulfilment of your order, the processing of your payment details and the provision of support services",1.0,0.0,0.0,0.0,0.0,0.0,0.0,0.0
146,after your request has been fulfilled.,1.0,0.0,0.0,0.0,0.0,0.0,0.0,0.0
147,respond to your inquiry,1.0,0.0,0.0,0.0,0.0,0.0,0.0,0.0
148,we will respond to your inquiry,1.0,0.0,0.0,0.0,0.0,0.0,0.0,0.0
149,keep track of past transactions,0.0,1.0,0.0,0.0,0.0,0.0,0.0,0.0
150,because we keep track of past transactions for as long as is reasonably necessary,0.0,1.0,0.0,0.0,0.0,0.0,0.0,0.0
151,provide you Services,1.0,0.0,0.0,0.0,0.0,0.0,0.0,0.0
152,"as necessary to comply with our legal obligations, resolve disputes, and enforce our agreements.",0.0,0.0,0.0,1.0,0.0,0.0,0.0,0.0
153,We will retain your or your childs information for as long as your account is active or as needed to provide you Services.,0.0,1.0,0.0,0.0,0.0,0.0,0.0,0.0
154,"as necessary to comply with our legal obligations, resolve disputes, and enforce our agreements",0.0,0.0,0.0,1.0,0.0,0.0,0.0,0.0
155,"necessary to comply with our legal obligations, resolve disputes, and enforce our agreements",0.0,0.0,1.0,0.0,0.0,0.0,0.0,0.0
156,to provide our services,1.0,0.0,0.0,0.0,0.0,0.0,0.0,0.0
157,to provide our services to our client,1.0,0.0,0.0,0.0,0.0,0.0,0.0,0.0
158,"to comply with our legal obligations, resolve disputes, and enforce our agreements",0.0,0.0,0.0,1.0,0.0,0.0,0.0,0.0
159,"comply with our legal obligations, resolve disputes, and enforce our agreements",0.0,0.0,1.0,0.0,0.0,0.0,0.0,0.0
160,for the sole purpose of sending this one-time email and tracking the success of our referral program,0.0,0.0,0.0,0.0,0.0,1.0,0.0,0.0
161,"for any lawful business purpose, including without limitation to determine which of our messages have been opened by recipients so we can gauge the effectiveness of marketing campaigns, to control the display of ads, to track usage patterns, the movements of individual users, and your geographic location, to help diagnose problems with our servers, to gather broad demographic information, to analyze trends, to conduct research, to deliver editorial content, to record registration and personalization information, and to otherwise administer the Service.",0.0,0.0,0.0,0.0,1.0,0.0,0.0,0.0
162,store,0.0,1.0,0.0,0.0,0.0,0.0,0.0,0.0
163,"sending an email, participating in a survey, responding to a request for information or ""contact us"" form",1.0,0.0,0.0,0.0,0.0,0.0,0.0,0.0
164,"you authorize us to transmit and store your information in our recruitment database, and to circulate that information as necessary for the purpose of evaluating your qualifications for job vacancies at Caribou Coffee.",1.0,0.0,0.0,0.0,0.0,0.0,0.0,0.0
165,purposes not prohibited by applicable laws.,0.0,1.0,0.0,0.0,0.0,0.0,0.0,0.0
166,for as long as we need it for purposes not prohibited by applicable laws.,0.0,0.0,0.0,1.0,0.0,0.0,0.0,0.0
167,for purposes not prohibited by applicable laws.,0.0,1.0,0.0,0.0,0.0,0.0,0.0,0.0
168,"Session cookies allow the website to recognize you as you navigate between pages during a single browser session and allow you to use the website most efficiently. For example, session cookies enable a website to remember that a user has placed items in an online shopping basket.",0.0,0.0,0.0,0.0,1.0,0.0,0.0,0.0
169,"They therefore enable the website to ""recognize"" you on your return remember your preferences and tailor services to you.",0.0,0.0,0.0,0.0,0.0,1.0,0.0,0.0
170,"which are set by the website which you have chosen to visit, such as this website, in order to provide us or third parties with information.",0.0,0.0,0.0,0.0,0.0,1.0,0.0,0.0
171,helps us improve the experience you and other visitors have with the Site.,0.0,0.0,0.0,0.0,1.0,0.0,0.0,0.0
172,"We store search terms (and the cookie IDs associated with search terms) separately from any account information that directly identifies the user, such as name, e-mail address, or phone numbers. We have technological safeguards in place designed to prevent the unauthorized correlation of this data and we remove the entirety of the IP address after 6 months, cookies and other cross session identifiers, after 18 months.",0.0,1.0,0.0,0.0,0.0,0.0,0.0,0.0
173,"separately from any account information that directly identifies the user, such as name, e-mail address, or phone numbers.",0.0,1.0,0.0,0.0,0.0,0.0,0.0,0.0
174,"We store search terms (and the cookie IDs associated with search terms) separately from any account information that directly identifies the user, such as name, e-mail address, or phone numbers. We have technological safeguards in place designed to prevent the unauthorized correlation of this data and we remove the entirety of the IP address after 6 months, cookies and other cross session identifiers, after 18 months.  ",0.0,1.0,0.0,0.0,0.0,0.0,0.0,0.0
175,"nformation from our standard search logs, which are retained and anonymized as described in the Collecting Your Information Section.",0.0,1.0,0.0,0.0,0.0,0.0,0.0,0.0
176,"For Bing Search in your browser, using the search terms you enter and the results you click, search history provides an easy way to revisit the sites and searches you've used before. You may clear your search history from appearing on the site by following the steps provided here or by going to the Bing preferences page noted above. Clearing your history removes it from the Search History service and prevents that history from being displayed on the site, but does not delete information from our standard search logs, which are retained and anonymized as described in the Collecting Your Information Section.  ",0.0,1.0,0.0,0.0,0.0,0.0,0.0,0.0
177,"Some of our mobile applications can deliver content based on your current location if you choose to enable that feature of the app. If you enable the location-based feature, your current location will be stored locally on your device, which will then be used by the app.",1.0,0.0,0.0,0.0,0.0,0.0,0.0,0.0
178,are saved for your convenience for future articles you may wish to email;,1.0,0.0,0.0,0.0,0.0,0.0,0.0,0.0
179,do use cookies to store user login information which is intended to make the application more user-friendly:,1.0,0.0,0.0,0.0,0.0,0.0,0.0,0.0
180,For site management functions,1.0,0.0,0.0,0.0,0.0,0.0,0.0,0.0
181,analysis and statistical purposes.,0.0,0.0,0.0,0.0,1.0,0.0,0.0,0.0
182,unless legally required to do so in connection with law enforcement investigations or other legal proceedings,0.0,0.0,0.0,1.0,0.0,0.0,0.0,0.0
183,"copies may remain viewable in cached and archived pages of the Service, or if other Users or third parties using the Instagram API have copied or saved that informatio",0.0,1.0,0.0,0.0,0.0,0.0,0.0,0.0
184,"when it is the subject of a legal request or obligation, governmental investigation",0.0,0.0,0.0,1.0,0.0,0.0,0.0,0.0
185,"investigations concerning possible violations of our terms or policies, or otherwise to prevent harm.",0.0,0.0,1.0,0.0,0.0,0.0,0.0,0.0
186,"may be stored and processed in the United States or any other country in which Instagram, its Affiliates or Service Providers maintain facilities.",0.0,1.0,0.0,0.0,0.0,0.0,0.0,0.0
187,"backup, archival, and/or audit purposes",0.0,0.0,0.0,0.0,0.0,1.0,0.0,0.0
188,"Following termination or deactivation of your account, Instagram, its Affiliates, or its Service Providers may retain information (including your profile information) and User Content for a commercially reasonable time for backup, archival, and/or audit purposes.",0.0,0.0,1.0,0.0,0.0,0.0,0.0,0.0
189,"for backup, archival, and/or audit purposes.",0.0,0.0,1.0,0.0,0.0,0.0,0.0,0.0
190,"Please note that some or all of this data may be required in order for the online services to function properly, and we may be required to retain certain information by law.",1.0,0.0,0.0,0.0,0.0,0.0,0.0,0.0
191,we may be required to retain certain information by law.,0.0,0.0,0.0,1.0,0.0,0.0,0.0,0.0
192,"We may collect and store your user ID associated with a SNS account that you use to sign in to your Tribune account or connect or use with the Services. When you sign in to your Tribune account or mobile application with your SNS account information or otherwise connect to your SNS account with the Services, you authorize Tribune to collect, store, and use in accordance with this Privacy Policy any and all information available to Tribune through the SNS interface, including without limitation any information that you have made public in connection with your SNS account, information that the SNS shares with us, or information that is disclosed as being shared during the sign-in process.  ",0.0,1.0,0.0,0.0,0.0,0.0,0.0,0.0
193,"If you choose to use our referral service to tell a friend about Military or refer other information on Military to a friend, we will ask you for your friend's name and email address. We will send your friend a one-time email inviting him or her to visit Military or view the information.",1.0,0.0,0.0,0.0,0.0,0.0,0.0,0.0
194,"in an effort to make your repeat use with us more efficient, practical and relevant until you change or remove your personal data as described below",1.0,0.0,0.0,0.0,0.0,0.0,0.0,0.0
195,"to make your repeat use with us more efficient, practical and relevant",0.0,0.0,0.0,0.0,0.0,1.0,0.0,0.0
196,"We will retain logs, demographic, indirect, and statistical information about you and keep an archival copy of this information in an anonymized form",0.0,1.0,0.0,0.0,0.0,0.0,0.0,0.0
197,to display relevant job ads to you on Military and when you visit other web sites.,0.0,0.0,0.0,0.0,0.0,0.0,1.0,0.0
198,"that help with our business activities, including shipping vendors, billing and refund vendors, payment card processors, and companies that help us improve our products and services.",0.0,0.0,1.0,0.0,0.0,0.0,0.0,0.0
199,"Keep in mind, however, that there will be residual information that will remain within our databases, access logs, and other records, which may or may not contain such personally identifiable information.",0.0,1.0,0.0,0.0,0.0,0.0,0.0,0.0
200,are subject to corporate and regulatory recordkeeping requirements,0.0,0.0,0.0,1.0,0.0,0.0,0.0,0.0
201,for any other purpose.,1.0,0.0,0.0,0.0,0.0,0.0,0.0,0.0
202,to send the information to them that you requested.,1.0,0.0,0.0,0.0,0.0,0.0,0.0,0.0
203,marketing,0.0,0.0,0.0,0.0,0.0,0.0,0.0,1.0
204,"If you create an account through one of our Sites, this personal information",0.0,1.0,0.0,0.0,0.0,0.0,0.0,0.0
205,"If you create an account through one of our Sites,",1.0,0.0,0.0,0.0,0.0,0.0,0.0,0.0
206,it may be impossible to delete your entry without retaining some residual information for a period of time due to backups and records of deletion.,0.0,0.0,1.0,0.0,0.0,0.0,0.0,0.0
207,due to backups and records of deletion,0.0,1.0,0.0,0.0,0.0,0.0,0.0,0.0
208,MediaNews will retain this information only to provide the forwarding services.,1.0,0.0,0.0,0.0,0.0,0.0,0.0,0.0
209,only to provide the forwarding services.,1.0,0.0,0.0,0.0,0.0,0.0,0.0,0.0
210,Forwarding an article found on a MediaNews Web site generally requires that you disclose the name and e-mail address of the person to whom you are forwarding the article.,1.0,0.0,0.0,0.0,0.0,0.0,0.0,0.0
211,used only for the specified purpose such as conducting the contest or sweepstakes and awarding prizes.,1.0,0.0,0.0,0.0,0.0,0.0,0.0,0.0
212,"We use third-party payment service providers such as Amazon.com ( Privacy Policy), Stripe.com ( Privacy Policy), and PayPal ( Privacy Policy) to handle any monetary transactions.",1.0,0.0,0.0,0.0,0.0,0.0,0.0,0.0
213,as long as required by law,0.0,0.0,0.0,1.0,0.0,0.0,0.0,0.0
214,National Archives policy,0.0,0.0,0.0,0.0,0.0,1.0,0.0,0.0
215,only as long as required by law,0.0,0.0,0.0,1.0,0.0,0.0,0.0,0.0
216,required by law and National Archives policy,0.0,0.0,0.0,1.0,0.0,0.0,0.0,0.0
217,accordance with the applicable records schedule,0.0,0.0,0.0,0.0,0.0,1.0,0.0,0.0
218,NARA has no control over the third party's use of this information and makes no representations regarding the third party's responsibilities.,0.0,1.0,0.0,0.0,0.0,0.0,0.0,0.0
219,"This information is primarily collected for statistical analysis and technical improvements to the site. The National Archives uses software programs to create summary statistics, which may be used for such purposes as assessing what information is of most and least interest, determining technical design specifications, and identifying system performance or problem areas. In certain circumstances, however, we may take additional steps to identify you based on this information and we may share this information, including your identity, with other government agencies.     The information we collect for statistical analysis and technical improvements is maintained indefinitely.     Although questions, comments, and other communications that we receive generally are not retained as permanent records, please note that it is possible that any mail - electronic or paper - that we or any other Federal agency receive could be permanently retained by the agency, if the mail is part of a group of records determined to have permanent historical value.  ",0.0,1.0,0.0,0.0,0.0,0.0,0.0,0.0
220,permanent historical value,0.0,0.0,0.0,0.0,0.0,1.0,0.0,0.0
221,for statistical analysis and technical improvements,0.0,0.0,0.0,0.0,1.0,0.0,0.0,0.0
222,if the mail is part of a group of records determined to have permanent historical value.,0.0,0.0,0.0,0.0,0.0,1.0,0.0,0.0
223,for purposes including,0.0,1.0,0.0,0.0,0.0,0.0,0.0,0.0
224,"to store user preferences, account status, traffic origination, and to record session information,",0.0,0.0,0.0,0.0,1.0,0.0,0.0,0.0
225,to customize newsletter,0.0,0.0,0.0,0.0,0.0,0.0,0.0,1.0
226,Web page content,0.0,0.0,0.0,0.0,0.0,1.0,0.0,0.0
227,solely for the purpose of shipping your order.,1.0,0.0,0.0,0.0,0.0,0.0,0.0,0.0
228,to complete your transaction,1.0,0.0,0.0,0.0,0.0,0.0,0.0,0.0
229," Information We Collect About You From Third Parties:    You may log in to post comments or share articles via your Facebook, Twitter, Google+, LinkedIn, Disqus, or other third-party account (collectively, third party accounts). In the future, we may permit additional login methods. When you log-in via your third party account, you must grant us permission to access certain information from these third-party accounts, which will vary based on the third party account. Before you log in through the particular site, you will be presented with the list of permissions, and you may cancel your log on if you do not want to proceed. For information about how the third party site may disclose your information, including any information that you make public, please consult the third party accounts privacy policy. We have no control over how a third party account uses or discloses the personally identifiable information that you provide to it. We may store the information that we collect from the third party account along with the other information that we collect from you or receive about you. - See more at: http://newsbusters.org/privacy-policy#sthash.3sEtPLFK.dpuf  ",0.0,1.0,0.0,0.0,0.0,0.0,0.0,0.0
230,to fulfill the purposes outlined in this Privacy Policy unless a longer retention period is required or allowed by applicable law.,0.0,0.0,1.0,0.0,0.0,0.0,0.0,0.0
231,We will retain your information for the period necessary to fulfill the purposes outlined in this Privacy Policy,0.0,1.0,0.0,0.0,0.0,0.0,0.0,0.0
232,to fulfill the purposes outlined in this Privacy Policy,0.0,1.0,0.0,0.0,0.0,0.0,0.0,0.0
233,is required,0.0,0.0,0.0,1.0,0.0,0.0,0.0,0.0
234,"We may also retain backup information related to your account on our servers for some time after cancelation for fraud detection or to comply with applicable law or our internal security policies. It is not always possible to completely remove or delete all of your information due to technical constraints, contractual, financial or legal requirements.",0.0,0.0,1.0,0.0,0.0,0.0,0.0,0.0
235,fraud detection or to comply with applicable law or our internal security policies.,0.0,0.0,0.0,1.0,0.0,0.0,0.0,0.0
236,for fraud detection,0.0,0.0,1.0,0.0,0.0,0.0,0.0,0.0
237,to comply with applicable law,0.0,0.0,0.0,1.0,0.0,0.0,0.0,0.0
238,The Minnesota Vikings store this information for the sole purpose of sending this one-time email.,1.0,0.0,0.0,0.0,0.0,0.0,0.0,0.0
239,provide you services.,1.0,0.0,0.0,0.0,0.0,0.0,0.0,0.0
240,"to comply with our legal obligations, resolve disputes, and enforce our agreements.",0.0,0.0,0.0,1.0,0.0,0.0,0.0,0.0
241,as needed to provide you services,1.0,0.0,0.0,0.0,0.0,0.0,0.0,0.0
242,"comply with our legal obligations, resolve disputes, and enforce our agreements.",0.0,0.0,0.0,1.0,0.0,0.0,0.0,0.0
243,for as long as your account is active or as needed to provide you services,1.0,0.0,0.0,0.0,0.0,0.0,0.0,0.0
244,We will retain and use your information as necessary to comply with our legal obligations,0.0,0.0,0.0,1.0,0.0,0.0,0.0,0.0
245,necessary for business,1.0,0.0,0.0,0.0,0.0,0.0,0.0,0.0
246,r legal needs,0.0,0.0,0.0,1.0,0.0,0.0,0.0,0.0
247,legal needs,0.0,0.0,0.0,1.0,0.0,0.0,0.0,0.0
248,contact you about our work,0.0,0.0,0.0,0.0,0.0,0.0,0.0,1.0
249," Taking Action    We do not disclose the information you enter on an action page to any outside entity - except as follows:   If you sign a petition, your name and state may be included in an electronic file or hard-copy printout delivered to legislators or other policymakers.     If you email a member of Congress or other policymaker, submit a comment to a government agency, send a letter-to-the-editor, or take any other action that generates a communication to an outside entity, the information you enter on the action page may be passed along to that outside entity.     We may give consultants and organizations working with us on specific projects temporary access to information about our online action-takers. They will not retain the information or contact the people whose information they have access to.     We may offer to connect you to other activists or volunteer organizers. Before doing so, we will notify you by email with an option to decline.  ",0.0,1.0,0.0,0.0,0.0,0.0,0.0,0.0
250," Signing Up for Email Lists or E-Newsletters    We do not disclose the information you enter on a sign-up page to any outside entity - except as follows: We may give consultants and organizations working with us on specific projects temporary access to such information; they will not retain the information or contact the people whose information they have access to. To stop receiving emails, complete the form at http://action.citizen.org/unsubscribe.jsp.  ",0.0,1.0,0.0,0.0,0.0,0.0,0.0,0.0
251,We may give consultants and organizations working with us on specific projects temporary access to information about people who make donations or payments; they will not retain the information or contact the people whose information they have access to.  ,0.0,1.0,0.0,0.0,0.0,0.0,0.0,0.0
252,follow up,1.0,0.0,0.0,0.0,0.0,0.0,0.0,0.0
253,for your convenience for future articles you may wish to email;,1.0,0.0,0.0,0.0,0.0,0.0,0.0,0.0
254,share feature may be saved for your convenience for future articles you may wish to email;,1.0,0.0,0.0,0.0,0.0,0.0,0.0,0.0
255,"any User Information that we have copied may remain in back-up storage for some period of time after your request,",0.0,1.0,0.0,0.0,0.0,0.0,0.0,0.0
256,whenever we are required to do so by law.,0.0,0.0,0.0,1.0,0.0,0.0,0.0,0.0
257,may remain in back-up storage,0.0,1.0,0.0,0.0,0.0,0.0,0.0,0.0
258,to order services,1.0,0.0,0.0,0.0,0.0,0.0,0.0,0.0
259,required to do so by law,0.0,0.0,0.0,1.0,0.0,0.0,0.0,0.0
260,"When you use an application on a Social Networking Site (""SNS""), you allow us to access certain information from your profile from that SNS. The information you allow us to access is affected by the privacy settings you establish at the SNS. For example, our Facebook applications may access and store some or all of the following information, as allowed by you, the SNS and your preferences: your ""basic information"" you have shared with everyone on the SNS; your profile picture or its URL; your friends list, your user ID number, which is linked to publicly available information such as name and profile photo; or other information indicated as part of the ""Request for Permission"" prompt from the SNS. Your agreement to share this information takes place when you ""accept"" (or similar terms) one of our applications on an SNS. Once your information is received from an SNS, that information is stored and used by us in accordance with this Privacy Policy. The Company is not responsible for the terms, policies, disclosures or actions of any SNS.  ",0.0,1.0,0.0,0.0,0.0,0.0,0.0,0.0
261,"In most cases, your message is deleted immediately after we've resolved your inquiry; however, in some instances, copies of your requests may be kept on file for our records, for quality control purposes, or to provide ongoing support services you have requested.",1.0,0.0,0.0,0.0,0.0,0.0,0.0,0.0
262,services,1.0,0.0,0.0,0.0,0.0,0.0,0.0,0.0
263,administer our services,1.0,0.0,0.0,0.0,0.0,0.0,0.0,0.0
264,"security, integrity, and operation of our Online Services.",0.0,0.0,1.0,0.0,0.0,0.0,0.0,0.0
265,ed to provide you services.,1.0,0.0,0.0,0.0,0.0,0.0,0.0,0.0
266,"resolve disputes, enforce our user agreement",0.0,0.0,1.0,0.0,0.0,0.0,0.0,0.0
267,comply with technical and legal requirements,0.0,0.0,0.0,1.0,0.0,0.0,0.0,0.0
268,This information will only be shared with third parties who perform tasks required to complete the purchase transaction.,1.0,0.0,0.0,0.0,0.0,0.0,0.0,0.0
269,The Texas Public Information Act requires disclosure of information by a public body -- unless the law specifically protects the information. Most information kept by a public body is public under the Act. The State Attorney General enforces this Act.,0.0,0.0,0.0,1.0,0.0,0.0,0.0,0.0
270," what information we collect     registration information    When you create an account, you are required to provide a username and password, and may opt to provide an email address. We also log, and retain indefinitely, the IP address from which the account is initially created.  ",0.0,1.0,0.0,0.0,0.0,0.0,0.0,0.0
271," Post, Comment and Messaging Data    The posts and comments you make on reddit are not private, even if made to a subreddit not readily accessible to the public. This means that, by default, they are not deleted from our servers ever and will still be accessible after your account is deleted. However, we only save the most recent version of comments and posts, so your previous edits, once overwritten, are no longer available.  ",0.0,1.0,0.0,0.0,0.0,0.0,0.0,0.0
272,"Your messages are generally only viewable by the parties involved, but they may be accessed internally as needed for community support. Moreover, we keep a complete log of all messages sent on our service, even when both parties later delete their accounts.  ",0.0,1.0,0.0,0.0,0.0,0.0,0.0,0.0
273,"reddit stores the IP addresses associated with specific posts, comments, and private messages for 90 days after they are made or sent.  ",0.0,1.0,0.0,0.0,0.0,0.0,0.0,0.0
274," log data    Log data is certain information that is automatically collected by our systems when you visit reddit, including the type of software used to access the site (browser, operating system), the type of device you are using, the address of the external or internal page that referred you, and your IP address. This information is recorded for all visitors and is only linked to your account if you are signed in. Except for the IP address you use to create the account, all IP addresses will be deleted from our servers after 90 days.  ",0.0,1.0,0.0,0.0,0.0,0.0,0.0,0.0
275, activity information    We collect information about how all visitors browse the site to make reddit better. We remove personally identifiable data from this information after 90 days.  ,0.0,1.0,0.0,0.0,0.0,0.0,0.0,0.0
276,"investigate issues with our site, track and block suspected spammers, and otherwise maintain the integrity of the community",0.0,0.0,1.0,0.0,0.0,0.0,0.0,0.0
277,"investigate issues with our site, track and block suspected spammers, and otherwise maintain the integrity of the community.",0.0,0.0,1.0,0.0,0.0,0.0,0.0,0.0
278,"in order to investigate issues with our site, track and block suspected spammers, and otherwise maintain the integrity of the community.",0.0,0.0,1.0,0.0,0.0,0.0,0.0,0.0
279,"reasonably necessary to comply with a law,",0.0,0.0,0.0,1.0,0.0,0.0,0.0,0.0
280,collect activity information to help understand how people use the service so we can make it better.,0.0,0.0,0.0,0.0,1.0,0.0,0.0,0.0
281,"We use this information internally only,",0.0,0.0,0.0,0.0,1.0,0.0,0.0,0.0
282," account deletion    You may choose to delete your reddit account at any time. The usernames associated with deleted accounts remain unavailable for others to use, and your public profile is no longer visible to reddit users. However, the posts and content you made during your tenure as a reddit user will not be automatically deleted as part of the account removal process, though your username will be publicly disassociated with all posts. Also, we do not have control over third parties that may collect and store data independently from reddit without our permission and without following our rules.  ",0.0,1.0,0.0,0.0,0.0,0.0,0.0,0.0
283," activity and device information    Our apps collect certain information about your device, including its IP address, device type, and its current operating system. This information is used for analytics and to improve the reddit service; for example, we use device and OS information to track and fix bugs. It is also used to provide advertising as described below. All stored IP addresses, except the account creation IP address, are deleted after 90 days. We only associate this information with your account when you are signed in.  ",0.0,1.0,0.0,0.0,0.0,0.0,0.0,0.0
284,analytics,0.0,0.0,0.0,0.0,1.0,0.0,0.0,0.0
285,"to improve the reddit service; for example, we use device and OS information to track and fix bugs.",0.0,0.0,1.0,0.0,0.0,0.0,0.0,0.0
286,It is also used to provide advertising as described below.,0.0,0.0,0.0,0.0,0.0,0.0,1.0,0.0
287," Deleting an app    If you delete a reddit app from your mobile device, any app-specific information stored on your device will be deleted from your device. If you have backed up your devices apps, reddit app information may continue to exist where you have backed it up. Any information collected by a reddit app while you are signed in to your reddit account is retained as described in the What Information We Collect section of this policy.  ",0.0,1.0,0.0,0.0,0.0,0.0,0.0,0.0
288,fraud or similar purposes.,0.0,0.0,1.0,0.0,0.0,0.0,0.0,0.0
289,We may retain your information for fraud or similar purposes.,0.0,0.0,1.0,0.0,0.0,0.0,0.0,0.0
