,Clause,Edit information,Other,Unspecified,View,Delete account (full),Delete account (partial),None,Deactivate account,Export
0,correct,1.0,0.0,0.0,0.0,0.0,0.0,0.0,0.0,0.0
1,you may do so by contacting our Information Privacy Manager at the address below.,0.0,1.0,0.0,0.0,0.0,0.0,0.0,0.0,0.0
2,"If you wish to correct any personally identifiable information you have provided to us in this manner, you may do so by contacting our Information Privacy Manager at the address below.",1.0,0.0,0.0,0.0,0.0,0.0,0.0,0.0,0.0
3,correct or delete information or update account settings,1.0,0.0,0.0,0.0,0.0,0.0,0.0,0.0,0.0
4,"You can modify information you have given us. To correct or delete information or update account settings, log into your account and follow the instructions. We make changes as soon as we can. This information may stay in our backup files. If we cannot make the changes you want, we will let you know and explain why. If you contact us requesting access to your information, we will respond within 30 days.",1.0,0.0,0.0,0.0,0.0,0.0,0.0,0.0,0.0
5,"You can modify information you have given us. To correct or delete information or update account settings,",1.0,0.0,0.0,0.0,0.0,0.0,0.0,0.0,0.0
6,Your Options,0.0,0.0,1.0,0.0,0.0,0.0,0.0,0.0,0.0
7,"To manage and correct any factual inaccuracies in the information we have on file about you, please follow the directions in the e-mail or other relevant electronic communication you receive from us.",0.0,0.0,1.0,0.0,0.0,0.0,0.0,0.0,0.0
8,"Your Options To manage and correct any factual inaccuracies in the information we have on file about you, please follow the directions in the e-mail or other relevant electronic communication you receive from us.",1.0,0.0,0.0,0.0,0.0,0.0,0.0,0.0,0.0
9,To manage and correct any factual inaccuracies in the information we have on file about you,1.0,0.0,0.0,0.0,0.0,0.0,0.0,0.0,0.0
10,you can request a list of the personal information we have shared with third parties for their marketing purposes. We will also give you a list of the third parties that have received your information.,0.0,0.0,0.0,1.0,0.0,0.0,0.0,0.0,0.0
11,you can request a list of the personal information,0.0,0.0,0.0,1.0,0.0,0.0,0.0,0.0,0.0
12,please e-mail us at online@notmc.com so that we can delete the child's information from our records.,0.0,0.0,0.0,0.0,1.0,0.0,0.0,0.0,0.0
13,we can delete the child's information from our records.,0.0,0.0,0.0,0.0,1.0,0.0,0.0,0.0,0.0
14,Which Information Can I Access?,0.0,0.0,1.0,0.0,0.0,0.0,0.0,0.0,0.0
15,you can disable or delete similar data,0.0,1.0,0.0,0.0,0.0,0.0,0.0,0.0,0.0
16,updating that information,1.0,0.0,0.0,0.0,0.0,0.0,0.0,0.0,0.0
17,viewing,0.0,0.0,0.0,1.0,0.0,0.0,0.0,0.0,0.0
18,access to a broad range of information,0.0,0.0,1.0,0.0,0.0,0.0,0.0,0.0,0.0
19,the limited purpose of viewing,0.0,0.0,0.0,1.0,0.0,0.0,0.0,0.0,0.0
20,"in certain cases, updating that information",1.0,0.0,0.0,0.0,0.0,0.0,0.0,0.0,0.0
21," Which Information Can I Access?    Amazon.com gives you access to a broad range of information about your account and your interactions with Amazon.com for the limited purpose of viewing and, in certain cases, updating that information. Click here to see some examples, the list of which will change as our Web site evolves.",0.0,0.0,1.0,0.0,0.0,0.0,0.0,0.0,0.0
22,"limited purpose of viewing and, in certain cases, updating that information",1.0,0.0,0.0,0.0,0.0,0.0,0.0,0.0,0.0
23,add or update,1.0,0.0,0.0,0.0,0.0,0.0,0.0,0.0,0.0
24,You can add or update,1.0,0.0,0.0,0.0,0.0,0.0,0.0,0.0,0.0
25,access easily,0.0,1.0,0.0,0.0,0.0,0.0,0.0,0.0,0.0
26,Examples of information you can access easily at Amazon.com,0.0,0.0,1.0,0.0,0.0,0.0,0.0,0.0,0.0
27,you can access easily,0.0,0.0,1.0,0.0,0.0,0.0,0.0,0.0,0.0
28,"You can add or update certain information,",1.0,0.0,0.0,0.0,0.0,0.0,0.0,0.0,0.0
29,add or update certain information,1.0,0.0,0.0,0.0,0.0,0.0,0.0,0.0,0.0
30,"You may change your choices for subscriptions, newsletters and alerts",1.0,0.0,0.0,0.0,0.0,0.0,0.0,0.0,0.0
31,"correct, update",1.0,0.0,0.0,0.0,0.0,0.0,0.0,0.0,0.0
32,delete,0.0,1.0,0.0,0.0,1.0,1.0,0.0,0.0,0.0
33,amend,1.0,0.0,0.0,0.0,0.0,0.0,0.0,0.0,0.0
34,access to the personal information,0.0,0.0,0.0,1.0,0.0,0.0,0.0,0.0,0.0
35,"You may correct, update",1.0,0.0,0.0,0.0,0.0,0.0,0.0,0.0,0.0
36,You may request access to the personal information we hold about you and that we amend or delete it,0.0,1.0,0.0,0.0,0.0,0.0,0.0,0.0,0.0
37,"You may correct, update and delete your registration account",1.0,0.0,0.0,0.0,0.0,0.0,0.0,0.0,0.0
38,request access,0.0,0.0,0.0,1.0,0.0,0.0,0.0,0.0,0.0
39,access,0.0,1.0,1.0,1.0,0.0,0.0,0.0,0.0,0.0
40,changed,1.0,0.0,0.0,0.0,0.0,0.0,0.0,0.0,0.0
41,deleted,0.0,0.0,0.0,0.0,1.0,1.0,0.0,0.0,0.0
42,Giving parents access or the ability to request access to personal information we have collected from their children and the ability to request that the personal information be changed or deleted,1.0,0.0,0.0,0.0,0.0,0.0,0.0,0.0,0.0
43,deletion of certain posted content.,0.0,0.0,0.0,0.0,0.0,1.0,0.0,0.0,0.0
44,removal,0.0,0.0,0.0,0.0,1.0,0.0,0.0,0.0,0.0
45,"To request removal of your personal information from a public forum on one of our sites or applications, please contact Guest Services.",0.0,1.0,0.0,0.0,0.0,0.0,0.0,0.0,0.0
46,We reserve the right to decline requests for removal of information based on maintaining the historical and archival nature of our website(s).,0.0,0.0,0.0,0.0,0.0,1.0,0.0,0.0,0.0
47,Most of our services include information on how to remove your information and cancel the service.,0.0,0.0,0.0,0.0,1.0,0.0,0.0,0.0,0.0
48,You may alternatively send us an email at webmaster@newspost.com identifying the services and information you would like removed. Please provide explicit reasons why we should remove the content. We reserve the right to decline requests for removal of information based on maintaining the historical and archival nature of our website(s).,0.0,0.0,0.0,0.0,0.0,1.0,0.0,0.0,0.0
49,Most of our services include information on how to remove your information and cancel the service. You may alternatively send us an email at webmaster@newspost.com identifying the services and information you would like removed. Please provide explicit reasons why we should remove the content. We reserve the right to decline requests for removal of information based on maintaining the historical and archival nature of our website(s).,1.0,0.0,0.0,0.0,0.0,0.0,0.0,0.0,0.0
50,you may correct and/or update,1.0,0.0,0.0,0.0,0.0,0.0,0.0,0.0,0.0
51,"If your personally identifiable information changes, you may correct and/or update it by sending us an email. You may also view, correct and/or update your personally identifiable information by accessing your profile on the Site.",1.0,0.0,0.0,0.0,0.0,0.0,0.0,0.0,0.0
52,you may correct and/or update it by sending us an email.,1.0,0.0,0.0,0.0,0.0,0.0,0.0,0.0,0.0
53,"You may also view, correct and/or update",1.0,0.0,0.0,0.0,0.0,0.0,0.0,0.0,0.0
54,change or update,1.0,0.0,0.0,0.0,0.0,0.0,0.0,0.0,0.0
55,"If no such mechanism or contact information is available on the Service, contact o",0.0,1.0,0.0,0.0,0.0,0.0,0.0,0.0,0.0
56,"If you've registered on any part of the Service, please use the mechanism or contact information on the Service that allows you to change or update your member preferences or information, if available, to keep all such data accurate and up-to-date. If no such mechanism or contact information is available on the Service, contact our Privacy Policy Coordinator as described below with your changes.",1.0,0.0,0.0,0.0,0.0,0.0,0.0,0.0,0.0
57,"o request updates or changes to your information or your preferences regarding receiving future promotional messages from us, you may contact our Privacy Policy Coordinator.",0.0,1.0,0.0,0.0,0.0,0.0,0.0,0.0,0.0
58,"Also as discussed above in Section 2(B), if you wish to request updates or changes to your information or your preferences regarding receiving future promotional messages from us, you may contact our Privacy Policy Coordinator.",1.0,0.0,0.0,0.0,0.0,0.0,0.0,0.0,0.0
59,"to review,",0.0,0.0,0.0,1.0,0.0,0.0,0.0,0.0,0.0
60,modify,1.0,0.0,0.0,0.0,0.0,0.0,0.0,0.0,0.0
61,delete account information,0.0,0.0,0.0,0.0,0.0,1.0,0.0,0.0,0.0
62,"to review, modify, or delete",1.0,0.0,0.0,0.0,0.0,0.0,0.0,0.0,0.0
63,"Sally Ride Science allows you, as a parent or guardian, to review, modify, or delete",1.0,0.0,0.0,0.0,0.0,0.0,0.0,0.0,0.0
64,"(a) initiate a review of your son's or daughter's account information,",0.0,0.0,0.0,1.0,0.0,0.0,0.0,0.0,0.0
65,(b) correct factual errors in such information,1.0,0.0,0.0,0.0,0.0,0.0,0.0,0.0,0.0
66,(c) request to have information deleted,0.0,0.0,0.0,0.0,0.0,1.0,0.0,0.0,0.0
67,"To (a) initiate a review of your son's or daughter's account information, (b) correct factual errors in such information, (c) request to have information deleted, or (d) request that we no longer collect or maintain such information about your child,",1.0,0.0,0.0,0.0,0.0,0.0,0.0,0.0,0.0
68,access or modify,1.0,0.0,0.0,0.0,0.0,0.0,0.0,0.0,0.0
69,modify your washingtonpost.com account,1.0,0.0,0.0,0.0,0.0,0.0,0.0,0.0,0.0
70,You may access,0.0,0.0,0.0,1.0,0.0,0.0,0.0,0.0,0.0
71,You may access or modify your washingtonpost.com account on the User Profile page.,1.0,0.0,0.0,0.0,0.0,0.0,0.0,0.0,0.0
72,We give you the opportunity to modify information you have provided to us at anytime by logging into the system and navigating to your account and selecting those portions of your account you would like to update,1.0,0.0,0.0,0.0,0.0,0.0,0.0,0.0,0.0
73,We give you the opportunity to modify information you have provided to us at anytime by logging into the system and navigating to your account and selecting those portions of your account you would like to update.,1.0,0.0,0.0,0.0,0.0,0.0,0.0,0.0,0.0
74,We give you the opportunity to modify information you have provided to us at anytime,1.0,0.0,0.0,0.0,0.0,0.0,0.0,0.0,0.0
75,"A) Information already collected as part of a particular purchase in our transactions database which may be shared with third parties involved in the processing of financial transactions, as discussed above; or",0.0,0.0,0.0,0.0,0.0,0.0,1.0,0.0,0.0
76,"B) Information that we may have already forwarded to credit card companies or any other third parties, all as provided above in this privacy policy.",0.0,0.0,0.0,0.0,0.0,0.0,1.0,0.0,0.0
77,update or change,1.0,0.0,0.0,0.0,0.0,0.0,0.0,0.0,0.0
78,you may be able to log on and update or change,1.0,0.0,0.0,0.0,0.0,0.0,0.0,0.0,0.0
79,you may be able to log on and update or change your contact or account information,1.0,0.0,0.0,0.0,0.0,0.0,0.0,0.0,0.0
80,update or delete,1.0,0.0,0.0,0.0,0.0,0.0,0.0,0.0,0.0
81,update or delete your contact information,0.0,0.0,0.0,0.0,0.0,1.0,0.0,0.0,0.0
82,"Under COPPA, you have the right to review and have any of your child's information deleted from our records.",1.0,0.0,0.0,0.0,1.0,0.0,0.0,0.0,0.0
83,"California Civil Code Section 1798.83 permits customers of PRH who are California residents to request certain information regarding its disclosure of their personal information to third parties for their direct marketing purposes. To make such a request, please send an email to privacy@penguinrandomhouse.com.",0.0,0.0,0.0,1.0,0.0,0.0,0.0,0.0,0.0
84,review,0.0,0.0,0.0,1.0,0.0,0.0,0.0,0.0,0.0
85,change,1.0,0.0,0.0,0.0,0.0,0.0,0.0,0.0,0.0
86,change your information,1.0,0.0,0.0,0.0,0.0,0.0,0.0,0.0,0.0
87,"If you have an account with The Atlantic, you may review and change your information by logging into your account and editing your account profile.",1.0,0.0,0.0,0.0,0.0,0.0,0.0,0.0,0.0
88,changes,1.0,0.0,0.0,0.0,0.0,0.0,0.0,0.0,0.0
89,equest access or changes to your personally identifiable information;,0.0,1.0,0.0,0.0,0.0,0.0,0.0,0.0,0.0
90,You may also use the contact information provided to request access or changes to your personally identifiable information,1.0,0.0,0.0,0.0,0.0,0.0,0.0,0.0,0.0
91,"access, manage or delete information",1.0,0.0,0.0,0.0,0.0,0.0,0.0,0.0,0.0
92,Adjust,1.0,0.0,0.0,0.0,0.0,0.0,0.0,0.0,0.0
93,Take information associated with your Google Account out of many of our services,0.0,0.0,0.0,0.0,0.0,1.0,0.0,0.0,0.0
94,Review and control,0.0,0.0,1.0,0.0,0.0,0.0,0.0,0.0,0.0
95,View and edit,1.0,0.0,0.0,0.0,0.0,0.0,0.0,0.0,0.0
96,with access,0.0,0.0,1.0,0.0,0.0,0.0,0.0,0.0,0.0
97,we strive to give you ways to update it quickly,1.0,0.0,0.0,0.0,0.0,0.0,0.0,0.0,0.0
98,or to delete it,0.0,0.0,0.0,0.0,0.0,1.0,0.0,0.0,0.0
99,give you ways to update it quickly or to delete it,1.0,0.0,0.0,0.0,0.0,0.0,0.0,0.0,0.0
100,update it quickly or to delete it,1.0,0.0,0.0,0.0,0.0,0.0,0.0,0.0,0.0
101,"We may reject requests that are unreasonably repetitive, require disproportionate technical effort (for example, developing a new system or fundamentally changing an existing practice), risk the privacy of others, or would be extremely impractical (for instance, requests concerning information residing on backup systems).",0.0,1.0,0.0,0.0,0.0,0.0,0.0,0.0,0.0
102,"access and correction, we will do so for free, except where it would require a disproportionate effort.",0.0,1.0,0.0,0.0,0.0,0.0,0.0,0.0,0.0
103,change your personal information,1.0,0.0,0.0,0.0,0.0,0.0,0.0,0.0,0.0
104,ou can change your personal information,1.0,0.0,0.0,0.0,0.0,0.0,0.0,0.0,0.0
105,You can change your personal information and your communication preferences when you follow this link.,1.0,0.0,0.0,0.0,0.0,0.0,0.0,0.0,0.0
106,"correct, change",1.0,0.0,0.0,0.0,0.0,0.0,0.0,0.0,0.0
107,or request deletion,0.0,1.0,0.0,0.0,0.0,0.0,0.0,0.0,0.0
108,To review or modify,1.0,0.0,0.0,0.0,0.0,0.0,0.0,0.0,0.0
109,deletion,0.0,0.0,0.0,0.0,1.0,0.0,0.0,0.0,0.0
110," Online Community Users    Barnes & Noble provides you with the ability to access, correct, change or request deletion of the personal information in your community profile(s) at any time by following the instructions below. We will respond to all access requests within 30 days. However, you cannot currently change your profile name although you may re-register and choose a new name. To review or modify your profile information, please click here. Please be advised that Barnes & Noble may archive information it collects on its community and visitors. Additionally, by participating in the Barnes & Noble online interactive community, and using Barnes & Noble's various interactive offerings, including, the submission of customer reviews, or participation in the Barnes & Noble Book Clubs, you agree to receive communications from Barnes & Noble, other users, and moderators related to the provision of these services.  ",0.0,0.0,0.0,0.0,1.0,0.0,0.0,0.0,0.0
111,"Barnes & Noble provides you with the ability to access, correct, change or request deletion of the personal information in your community profile(s) at any time by following the instructions below. We will respond to all access requests within 30 days. However, you cannot currently change your profile name although you may re-register and choose a new name. To review or modify your profile information, please click here.",1.0,0.0,0.0,0.0,0.0,0.0,0.0,0.0,0.0
112,"access,",0.0,0.0,0.0,1.0,0.0,0.0,0.0,0.0,0.0
113,correct or change,1.0,0.0,0.0,0.0,0.0,0.0,0.0,0.0,0.0
114,"You may access, correct or change the personal information in your community profile(s) on Lark Crafts at any time. To review or modify your profile information, log in to larkcrafts.com.",1.0,0.0,0.0,0.0,0.0,0.0,0.0,0.0,0.0
115,"You may also access, correct or change the personal information in your community profile(s) on SparkNotes.com at any time, except to change your username. To review or modify your profile information, log in to SparkNotes.com.",1.0,0.0,0.0,0.0,0.0,0.0,0.0,0.0,0.0
116,"Once we verify that you are the parent or legal guardian, at your request, we will promptly provide to you information regarding what, if any, personal information we have collected about your child and how it has been used or shared. We will, at your request, remove personal information about your child from its database and instruct our affiliates and third party partners to do the same.",1.0,0.0,0.0,0.0,0.0,0.0,0.0,0.0,0.0
117,Please be advised that our removal of your post(s) does not ensure complete or comprehensive removal of the content or information you have posted on Barnes & Noble Websites or Apps.,0.0,0.0,0.0,0.0,0.0,1.0,0.0,0.0,0.0
118,"If you are a Minor under the age of 18, you may request and obtain removal of certain content or information posted on Barnes & Noble Websites and Apps by sending an email to privacy@barnesandnoble.com with ?Privacy Rights for Minors? in the subject line.",1.0,0.0,0.0,0.0,0.0,0.0,0.0,0.0,0.0
119,You also have the right to request a copy of the personal information that we hold about you and to have any inaccuracies rectified.,0.0,1.0,0.0,0.0,0.0,0.0,0.0,0.0,0.0
120,right to request a copy of the personal information that we hold about,0.0,0.0,0.0,1.0,0.0,0.0,0.0,0.0,0.0
121,ave any inaccuracies rectified.,1.0,0.0,0.0,0.0,0.0,0.0,0.0,0.0,0.0
122,You also have the right to request a copy of the personal information that we hold about you,0.0,0.0,0.0,1.0,0.0,0.0,0.0,0.0,0.0
123,to have any inaccuracies rectified.,1.0,0.0,0.0,0.0,0.0,0.0,0.0,0.0,0.0
124,Users are able to change their personal information:,1.0,0.0,0.0,0.0,0.0,0.0,0.0,0.0,0.0
125,change their personal information,1.0,0.0,0.0,0.0,0.0,0.0,0.0,0.0,0.0
126,"users of the site will be free to edit, reproduce, use, disclose, publish and/or distribute",0.0,1.0,0.0,0.0,0.0,0.0,0.0,0.0,0.0
127,"update, correct or delete it",1.0,0.0,0.0,0.0,0.0,0.0,0.0,0.0,0.0
128,"wish to review,",0.0,0.0,0.0,1.0,0.0,0.0,0.0,0.0,0.0
129,update,1.0,0.0,0.0,0.0,0.0,0.0,0.0,0.0,0.0
130,"delete it,",0.0,0.0,0.0,0.0,0.0,1.0,0.0,0.0,0.0
131,"voluntarily submitted personal information to us and wish to review, update, correct or delete it",1.0,0.0,0.0,0.0,0.0,0.0,0.0,0.0,0.0
132,modifying,1.0,0.0,0.0,0.0,0.0,0.0,0.0,0.0,0.0
133,deleting,0.0,0.0,0.0,0.0,0.0,1.0,0.0,0.0,0.0
134,Site and deleting or modifying the informatio,1.0,0.0,0.0,0.0,0.0,0.0,0.0,0.0,0.0
135,"you can also remove your Personal Information from the ""Profile"" section of the Site.",0.0,0.0,0.0,0.0,1.0,0.0,0.0,0.0,0.0
136,"You can update or correct your Personal Information by logging in and clicking on your user name at the top of the Site to access the ""Profile"" section.",1.0,0.0,0.0,0.0,0.0,0.0,0.0,0.0,0.0
137,"If you no longer wish Everyday Health to use or share your Personal Information in accordance with this Policy or you no longer desire to use or access this Site, you can also remove your Personal Information from the ""Profile"" section of the Site.",0.0,0.0,0.0,0.0,0.0,1.0,0.0,0.0,0.0
138,update or correct,1.0,0.0,0.0,0.0,0.0,0.0,0.0,0.0,0.0
139,"Keep in mind, however, that even if you delete information from your profile, we may retain your Personal Information in conformance with our data retention policy and Personal Information may remain within our databases, access logs, and other records. In addition, we are not responsible for updating or removing your Personal Information contained in the lists or databases of third parties who have been provided information as permitted by this Policy.",0.0,0.0,0.0,0.0,0.0,1.0,0.0,0.0,0.0
140,Any parent or guardian of a child under 13 years of age who may have provided personally-identifiable information to us may request a description of the personally-identifiable information that has been collected from or about that child,1.0,0.0,0.0,0.0,0.0,0.0,0.0,0.0,0.0
141,either limit or restrict any further maintenance or use of such information from that child and/or direct us to delete it.,0.0,1.0,0.0,0.0,0.0,0.0,0.0,0.0,0.0
142," What choices do you have about the collection and use of your information?    You may access, update or delete your personally-identifiable information, and/or modify your account preferences for the Services, by accessing the ""My Account"" area of the Services or by contacting us at privacy@taylorswift.com. Please note that when you delete your account, we may retain your account information for a reasonable period of time for the purpose of internal account management and fraud prevention.  ",0.0,0.0,0.0,0.0,0.0,1.0,0.0,0.0,0.0
143,"You may access, update or delete your personally-identifiable information, and/or modify your account preferences for the Services, by accessing the ""My Account"" area of the Services or by contacting us at privacy@taylorswift.com.",1.0,0.0,0.0,0.0,0.0,0.0,0.0,0.0,0.0
144,"Please note that when you delete your account, we may retain your account information for a reasonable period of time for the purpose of internal account management and fraud prevention.",0.0,0.0,0.0,0.0,0.0,1.0,0.0,0.0,0.0
145,"If you no longer wish to receive our announcements by e-mail, you may unsubscribe from receiving them at any time by choosing the ""Unsubscribe"" link at the bottom of our e-mails, or by writing to us at privacy@taylorswift.com. If you e-mail us to change your contact preferences, we will implement your requested changes within a reasonable period of time. Please note that your requested changes will not be effective until we implement such changes.",1.0,0.0,0.0,0.0,0.0,0.0,0.0,0.0,0.0
146,revise,1.0,0.0,0.0,0.0,0.0,0.0,0.0,0.0,0.0
147,revise certain,1.0,0.0,0.0,0.0,0.0,0.0,0.0,0.0,0.0
148,"If you have registered for an account through our Services, you may review and revise certain of your account information by clicking here to log in, and then navigating the left-hand menu options. You may modify your subscriptions to our various promotional email communications and newsletters by accessing the ""Email Subscriptions"" section within your Website account.",1.0,0.0,0.0,0.0,0.0,0.0,0.0,0.0,0.0
149,delete the,0.0,0.0,0.0,0.0,0.0,1.0,0.0,0.0,0.0
150,"If you want to review or revise the personal information you provided during registration or in connection with a purchase or other activity while using our Services, or change the promotional email communications or newsletters you receive from us, you may either (1) click here to log in, and then click on the applicable left-hand menu option, or (2) call MLB.com Customer Service at 866-800-1275.",1.0,0.0,0.0,0.0,0.0,0.0,0.0,0.0,0.0
151,"If you want to close your Website account and have us delete the personal information in it (except for information that we keep for record-keeping purposes), you should call MLB.com Customer Service at 866-800-1275.",0.0,0.0,0.0,0.0,0.0,1.0,0.0,0.0,0.0
152,can be updated or modified,1.0,0.0,0.0,0.0,0.0,0.0,0.0,0.0,0.0
153,can be updated or modified at any time by calling (800) 858-0229 or emailing studyabroad@ifsa-butler.org.,1.0,0.0,0.0,0.0,0.0,0.0,0.0,0.0,0.0
154,"we provide a way to correct, update",1.0,0.0,0.0,0.0,0.0,0.0,0.0,0.0,0.0
155,deactivate,0.0,0.0,0.0,0.0,0.0,1.0,0.0,1.0,0.0
156,delete/deactivate,0.0,0.0,0.0,0.0,0.0,1.0,0.0,0.0,0.0
157,"correct, update or delete/deactivate users' personally identifiable information",0.0,0.0,0.0,0.0,0.0,0.0,0.0,1.0,0.0
158,you can access,0.0,0.0,1.0,1.0,0.0,0.0,0.0,0.0,0.0
159,"edit this information by visiting "" My Account.""",1.0,0.0,0.0,0.0,0.0,0.0,0.0,0.0,0.0
160,you can access your registration information and any billing or shipping information and edit this information,1.0,0.0,0.0,0.0,0.0,0.0,0.0,0.0,0.0
161,"You have the right to terminate your account or update any Personal Information collected by our Sites by contacting us at feedback@highgearmedia.com . If you terminate your account, your Personal Information will be removed from our system, subject to our right to retain any data necessary to investigate any violation of terms of use or alleged harmful or illegal activity.",0.0,0.0,0.0,0.0,0.0,1.0,0.0,0.0,0.0
162,"If you terminate your account, your Personal Information will be removed from our system, subject to our right to retain any data necessary to investigate any violation of terms of use or alleged harmful or illegal activity.",0.0,0.0,0.0,0.0,0.0,1.0,0.0,0.0,0.0
163,"You have the right to terminate your account or update any Personal Information collected by our Sites by contacting us at feedback@highgearmedia.com . If you terminate your account, your Personal Information will be removed from our system",0.0,0.0,0.0,0.0,1.0,0.0,0.0,0.0,0.0
164,update any Personal Information,1.0,0.0,0.0,0.0,0.0,0.0,0.0,0.0,0.0
165,specified procedures to update your personal information or opt out of the service may be found in the emails you receive.,1.0,0.0,0.0,0.0,0.0,0.0,0.0,0.0,0.0
166,update your personal information,1.0,0.0,0.0,0.0,0.0,0.0,0.0,0.0,0.0
167,"California Civil Code Section 1798.83, also known as the Shine The Light law, permits our users who are California residents to request and obtain from us once a year, free of charge, information about the personal information (if any) we disclosed to third parties for direct marketing purposes in the preceding calendar year.",0.0,0.0,0.0,0.0,0.0,0.0,0.0,0.0,1.0
168,make changes,1.0,0.0,0.0,0.0,0.0,0.0,0.0,0.0,0.0
169,"If you are a registered user of our Site, you can make changes to your account information by logging in to the Site and using the tools available via the Site. If you have subscribed to one or more of our email newsletters, you also may change your subscriber information, modify your subscriptions, and/or unsubscribe from these newsletters at any time by logging in to your account.",1.0,0.0,0.0,0.0,0.0,0.0,0.0,0.0,0.0
170,"If you wish, we will delete your account information; to do so, please log into Dictionary.com using the account you wish to close,then close your acount at http://app.dictionary.com/users/cancelaccount.",0.0,0.0,0.0,0.0,1.0,0.0,0.0,0.0,0.0
171,"If you would like to modify any personal information you previously submitted our sites or apps, visit your account information section for each site or app to which you made the submission",1.0,0.0,0.0,0.0,0.0,0.0,0.0,0.0,0.0
172,"If at any time you would like us to deactivate your member profile, please write to us at our corporate address or visit your account information section for each site and app. Please note that (1) we may retain your personal information in back-up storage after deactivation",0.0,0.0,0.0,0.0,0.0,1.0,0.0,0.0,0.0
173,"You may contact us at terms@prometheusgm.com if at any time you would like to see the Personally Identifiable Information we hold about you, or to ask us to correct or update this information, or to ask us to delete it.",1.0,0.0,0.0,0.0,0.0,0.0,0.0,0.0,0.0
174,see,0.0,0.0,0.0,1.0,0.0,0.0,0.0,0.0,0.0
175,We will take reasonable steps to accurately record the personal information that you provide to us and any subsequent updates.,0.0,0.0,1.0,0.0,0.0,0.0,0.0,0.0,0.0
176,and any subsequent updates.,1.0,0.0,0.0,0.0,0.0,0.0,0.0,0.0,0.0
177,"We encourage you to review, update, and correct the personal information that we maintain about you,",1.0,0.0,0.0,0.0,0.0,0.0,0.0,0.0,0.0
178,(this may involve closing your account),0.0,0.0,0.0,0.0,0.0,0.0,0.0,1.0,0.0
179,"review,",0.0,0.0,0.0,1.0,0.0,0.0,0.0,0.0,0.0
180,"update, and correc",1.0,0.0,0.0,0.0,0.0,0.0,0.0,0.0,0.0
181,"Thereafter, we will either delete your personal information",0.0,0.0,0.0,0.0,1.0,0.0,0.0,0.0,0.0
182,de-identify it so that it is anonymous and not attributed to your identity.,0.0,0.0,0.0,0.0,0.0,1.0,0.0,0.0,0.0
183,"you may access your personal information in your registration profile for review and may change any information, as necessary, except for your name.",1.0,0.0,0.0,0.0,0.0,0.0,0.0,0.0,0.0
184,you may access your personal information in your registration profile for review,0.0,0.0,0.0,1.0,0.0,0.0,0.0,0.0,0.0
185,may change,1.0,0.0,0.0,0.0,0.0,0.0,0.0,0.0,0.0
186,"may change any information, as necessary, except for your name",1.0,0.0,0.0,0.0,0.0,0.0,0.0,0.0,0.0
187,You will be able to edit or delete,1.0,0.0,0.0,0.0,0.0,0.0,0.0,0.0,0.0
188,edit,1.0,0.0,0.0,0.0,0.0,0.0,0.0,0.0,0.0
189,You will be able to edit,1.0,0.0,0.0,0.0,0.0,0.0,0.0,0.0,0.0
190,"This is a summary of your account with us. By clicking this button, you can view and/or edit your personal information at any time by clicking the ""Edit/Update"" button. You may also change your Communication Preferences.",1.0,0.0,0.0,0.0,0.0,0.0,0.0,0.0,0.0
191,view,0.0,0.0,0.0,1.0,0.0,0.0,0.0,0.0,0.0
192,"By clicking this button, you can view",0.0,0.0,0.0,1.0,0.0,0.0,0.0,0.0,0.0
193,/or edit,1.0,0.0,0.0,0.0,0.0,0.0,0.0,0.0,0.0
194,"You may make changes to this information at any time by selecting the edit button in the ""My Profile"" folder",1.0,0.0,0.0,0.0,0.0,0.0,0.0,0.0,0.0
195,"Note that you can also change or update your information by clicking on ""Change"" button off the EasyPay home page.",1.0,0.0,0.0,0.0,0.0,0.0,0.0,0.0,0.0
196,"you can also change or update your information by clicking on ""Change"" button off the EasyPay home page.",1.0,0.0,0.0,0.0,0.0,0.0,0.0,0.0,0.0
197,"review, access,",0.0,0.0,0.0,1.0,0.0,0.0,0.0,0.0,0.0
198,removed,0.0,0.0,0.0,0.0,1.0,0.0,0.0,0.0,0.0
199,"amend or correct it,",1.0,0.0,0.0,0.0,0.0,0.0,0.0,0.0,0.0
200,"or would like your personally identifiable information removed from Valve's records or otherwise deactivated,",0.0,0.0,0.0,0.0,0.0,0.0,0.0,1.0,0.0
201,amend or correct it,1.0,0.0,0.0,0.0,0.0,0.0,0.0,0.0,0.0
202,ersonally identifiable information removed f,0.0,0.0,1.0,0.0,0.0,0.0,0.0,0.0,0.0
203,"records or otherwise deactivated,",0.0,0.0,0.0,0.0,0.0,0.0,0.0,1.0,0.0
204,some of our sites and services give you the ability to view and,0.0,0.0,0.0,1.0,0.0,0.0,0.0,0.0,0.0
205,"review, correct, or delete",1.0,0.0,0.0,0.0,0.0,0.0,0.0,0.0,0.0
206,To view,0.0,0.0,0.0,1.0,0.0,0.0,0.0,0.0,0.0
207,To view and change,1.0,0.0,0.0,0.0,0.0,0.0,0.0,0.0,0.0
208,orrect or update,1.0,0.0,0.0,0.0,0.0,0.0,0.0,0.0,0.0
209,You may correct or update,1.0,0.0,0.0,0.0,0.0,0.0,0.0,0.0,0.0
210,correct or update,1.0,0.0,0.0,0.0,0.0,0.0,0.0,0.0,0.0
211,You may deactivate your profile,0.0,0.0,0.0,0.0,0.0,0.0,0.0,1.0,0.0
212,deactivate your profile,0.0,0.0,0.0,0.0,0.0,0.0,0.0,1.0,0.0
213,close,0.0,0.0,0.0,0.0,0.0,0.0,0.0,1.0,0.0
214,You may close your account,0.0,0.0,0.0,0.0,1.0,0.0,0.0,0.0,0.0
215,close your account,0.0,0.0,1.0,0.0,0.0,0.0,0.0,0.0,0.0
216,"To access, change, or remove",1.0,1.0,0.0,0.0,0.0,0.0,0.0,0.0,0.0
217,receive,0.0,0.0,0.0,1.0,0.0,0.0,0.0,0.0,0.0
218,"you will not be able to access,update or delete",0.0,0.0,0.0,0.0,0.0,0.0,1.0,0.0,0.0
219,"You will also not be able to access, update or delete that information",0.0,0.0,0.0,0.0,0.0,0.0,1.0,0.0,0.0
220,you can access your personal information,0.0,1.0,0.0,0.0,0.0,0.0,0.0,0.0,0.0
221,not accessible,0.0,0.0,0.0,0.0,0.0,0.0,1.0,0.0,0.0
222,"you can access your personal information by contacting ABITA.COM as described at the bottom of this statement, or through alternative means of access described by the service.",0.0,1.0,0.0,0.0,0.0,0.0,0.0,0.0,0.0
223,access to or correction of your,1.0,0.0,0.0,0.0,0.0,0.0,0.0,0.0,0.0
224,How can you deactivate your account,0.0,0.0,0.0,0.0,0.0,0.0,0.0,1.0,0.0
225,correct or revise information,1.0,0.0,0.0,0.0,0.0,0.0,0.0,0.0,0.0
226,"We will let you know what data, if any, we are collecting at the time.",0.0,0.0,1.0,0.0,0.0,0.0,0.0,0.0,0.0
227,remove your personal information from the website,0.0,1.0,0.0,0.0,0.0,0.0,0.0,0.0,0.0
228,"Upon your request, we will remove",0.0,0.0,0.0,0.0,0.0,1.0,0.0,0.0,0.0
229,We'll remove your name,0.0,0.0,0.0,0.0,0.0,1.0,0.0,0.0,0.0
230,"correct, delete/remove or change information",1.0,0.0,0.0,0.0,0.0,0.0,0.0,0.0,0.0
231,"If you want to correct,",1.0,0.0,0.0,0.0,0.0,0.0,0.0,0.0,0.0
232,delete/remove,0.0,0.0,0.0,0.0,0.0,1.0,0.0,0.0,0.0
233,"Either you will be able to make your changes right there, or we will give you instructions.",0.0,1.0,0.0,0.0,0.0,0.0,0.0,0.0,0.0
234,"correct, delete/remove or change information in your Personal Profile, or any other tidbits we have about you",1.0,0.0,0.0,0.0,0.0,0.0,0.0,0.0,0.0
235,changes to your paid Fool newsletter subscriptions,0.0,1.0,0.0,0.0,0.0,0.0,0.0,0.0,0.0
236,change your email address,1.0,0.0,0.0,0.0,0.0,0.0,0.0,0.0,0.0
237,If you want to make changes,1.0,0.0,0.0,0.0,0.0,0.0,0.0,0.0,0.0
238,If you want to change your email address,1.0,0.0,0.0,0.0,0.0,0.0,0.0,0.0,0.0
239,"If you want to change your email address for email products, do so here",1.0,0.0,0.0,0.0,0.0,0.0,0.0,0.0,0.0
240,"At that time you have the opportunity to opt-in to e-mail newsletters and alerts and have e-mail offers sent to you on behalf of MediaNews advertisers, however, you can update your preferences at a later time.",1.0,0.0,0.0,0.0,0.0,0.0,0.0,0.0,0.0
241,may review,0.0,0.0,0.0,1.0,0.0,0.0,0.0,0.0,0.0
242,"A registered user of MediaNews Web sites may review and change his or her PIN and/or e-mail preferences by clicking on the Manage Account link after signing in. A registered user may also review and request an update of the PIN and/or e-mail preferences which he or she provided to MediaNews at any time by e-mailing us at privacycoordinator@medianewsgroup.com or write to us at: Privacy Coordinator, MediaNews Group Interactive, 101 W. Colfax Ave., Suite 950, Denver, CO 80202. Please include the name of the applicable site.",1.0,0.0,0.0,0.0,0.0,0.0,0.0,0.0,0.0
243,Access,0.0,0.0,1.0,1.0,0.0,0.0,0.0,0.0,0.0
244,Correct,1.0,0.0,0.0,0.0,0.0,0.0,0.0,0.0,0.0
245,"Access personally identifiable information that MediaNews has collected from your child,",0.0,0.0,0.0,1.0,0.0,0.0,0.0,0.0,0.0
246,"Correct factual errors in such information,",1.0,0.0,0.0,0.0,0.0,0.0,0.0,0.0,0.0
247,"Request to have this information deleted, or Request that we no longer collect or maintain such information about your child.",0.0,1.0,0.0,0.0,0.0,0.0,0.0,0.0,0.0
248,"Additionally, if parents want us to delete any collected personally identifiable information about their children under the age of 13, they can also contact us at the website address listed above.",0.0,0.0,1.0,0.0,0.0,0.0,0.0,0.0,0.0
249,"If you would like to correct, update, or change your personal information with us please contact us the same way.",1.0,0.0,0.0,0.0,0.0,0.0,0.0,0.0,0.0
250,"correct, update, or change",1.0,0.0,0.0,0.0,0.0,0.0,0.0,0.0,0.0
251,"you authorize your employees to access those portions of the Site that require a registration, one digital subscription will entitle each of your authorized employees to access those portions of the Site without the need for each employee to register individually, provided that such employees access such portions of the Site from a computer or other device with your institutional IP addresses for such devices that you have provided to us at the time of your registration",0.0,0.0,1.0,0.0,0.0,0.0,0.0,0.0,0.0
252,You can correct or update your personally identifiable information through the My Profile Page.,1.0,0.0,0.0,0.0,0.0,0.0,0.0,0.0,0.0
253,You can correct or update your personally identifiable information,1.0,0.0,0.0,0.0,0.0,0.0,0.0,0.0,0.0
254,entitled to request and obtain from us,0.0,0.0,0.0,1.0,0.0,0.0,0.0,0.0,0.0
255,Review,0.0,0.0,0.0,1.0,0.0,0.0,0.0,0.0,0.0
256,"How You Can Review and Correct Your Personal Information? You can request to review your personal information contained in our records at any time. To do this, please send a letter to the address below requesting to see your information for the previous two years. If you believe that our information is incomplete or inaccurate, you can request that we correct it.",0.0,0.0,0.0,1.0,0.0,0.0,0.0,0.0,0.0
257,"If you believe that our information is incomplete or inaccurate, you can request that we correct it.",1.0,0.0,0.0,0.0,0.0,0.0,0.0,0.0,0.0
258,You can request to review,0.0,0.0,0.0,1.0,0.0,0.0,0.0,0.0,0.0
259,"update, delete inaccuracies, or modify your profile information",1.0,0.0,0.0,0.0,0.0,0.0,0.0,0.0,0.0
260,"If you wish to update, delete inaccuracies, or modify your profile information, you may do so at any time by logging into your account.",1.0,0.0,0.0,0.0,0.0,0.0,0.0,0.0,0.0
261,"If you wish to update, delete inaccuracies, or modify your profile information, you may do so at any time",1.0,0.0,0.0,0.0,0.0,0.0,0.0,0.0,0.0
262,you may also request a record of any disclosure of your medical information,0.0,0.0,0.0,1.0,0.0,0.0,0.0,0.0,0.0
263,"Access, Change or Modify Your Personal Information",1.0,0.0,0.0,0.0,0.0,0.0,0.0,0.0,0.0
264,"If you have purchased from us or created an account, our site provides you the opportunity to review, correct, or update your account information.",1.0,0.0,0.0,0.0,0.0,0.0,0.0,0.0,0.0
265,"to review, correct, or update",1.0,0.0,0.0,0.0,0.0,0.0,0.0,0.0,0.0
266,"GameStop will make sure that the information is not publicly available on our Websites, but the information may not be completely or comprehensively removed from GameStop systems.",0.0,0.0,0.0,0.0,0.0,1.0,0.0,0.0,0.0
267,"You may update or delete your personal information or modify your account preferences for the Curse Features by accessing the ""My Account"" area of the Curse Features or sending us an email to support@curse.com requesting us to update or delete your personal information.",1.0,0.0,0.0,0.0,0.0,1.0,0.0,0.0,0.0
268,update or delete y,1.0,0.0,0.0,0.0,0.0,0.0,0.0,0.0,0.0
269,We will remove you and your personally identifiable information from our records,0.0,1.0,0.0,0.0,0.0,0.0,0.0,0.0,0.0
270,We will remove you and your personally identifiable information,0.0,0.0,0.0,0.0,1.0,0.0,0.0,0.0,0.0
271,change their communication options,1.0,0.0,0.0,0.0,0.0,0.0,0.0,0.0,0.0
272,You may remove,1.0,0.0,0.0,0.0,0.0,0.0,0.0,0.0,0.0
273,can change,1.0,0.0,0.0,0.0,0.0,0.0,0.0,0.0,0.0
274,Members can change their personal information or update their account information at any time by linking to http://aaasmember.org and selecting Member Services. Other registrants or users may also update their personal information at any time by sending e-mail to membership{at}aaas.org.,1.0,0.0,0.0,0.0,0.0,0.0,0.0,0.0,0.0
275,may also update,1.0,0.0,0.0,0.0,0.0,0.0,0.0,0.0,0.0
276,Our PlayStation website message boards are a place where users can go to freely share their thoughts and ideas about the PlayStation brand. A Sony Entertainment Network account is required to contribute to these message boards. We prohibit message board participants from disclosing their own personally identifying information other than their own Online IDs.,0.0,1.0,0.0,0.0,0.0,0.0,0.0,0.0,0.0
277,"Through our job page at http://us.playstation.com/corporate/about/careers, SCEA allows job seekers to inquire about jobs and submit personally identifying information in connection with applying for employment. If a job seeker creates a job profile, he or she will be asked to provide an email address and create a password. He or she can use that email address and password to access his or her account, review the information in his or her profile, edit or delete his or her profile at any time.",1.0,0.0,0.0,0.0,0.0,0.0,0.0,0.0,0.0
278,"He or she can use that email address and password to access his or her account, review the information in his or her profile,",0.0,0.0,0.0,1.0,0.0,0.0,0.0,0.0,0.0
279,delete his or her profile at any time,0.0,1.0,0.0,0.0,0.0,0.0,0.0,0.0,0.0
280,Updating or correcting,1.0,0.0,0.0,0.0,0.0,0.0,0.0,0.0,0.0
281,Canceling your account,0.0,0.0,0.0,0.0,0.0,0.0,0.0,1.0,0.0
282,or deleting your,0.0,0.0,0.0,0.0,0.0,1.0,0.0,0.0,0.0
283,"Please read the information below:   Information we collect about you     Where we store data     How we use your information     Disclosure of your information     Updating or correcting your personally identifiable information     Canceling your account or deleting your personally identifiable information     Choices regarding control of your personally identifiable information     Information related to data collected through the lynda.com platform service     Data Security     Cookies     Mobile Analytics     Links to third party web sites and advertisers     Notice to California residents     Changes to this Privacy Policy     Communities, forums, chat rooms, and message boards     Social Media features     Gift Certificates     How do you contact us with questions?  ",0.0,0.0,0.0,0.0,0.0,1.0,0.0,0.0,0.0
284,You may change any,1.0,0.0,0.0,0.0,0.0,0.0,0.0,0.0,0.0
285,request deletion,0.0,1.0,0.0,0.0,1.0,0.0,0.0,0.0,0.0
286,You may also access,0.0,0.0,0.0,1.0,0.0,0.0,0.0,0.0,0.0
287,and correct,1.0,0.0,0.0,0.0,0.0,0.0,0.0,0.0,0.0
288,"access, request deletion, and correct",1.0,0.0,0.0,0.0,0.0,0.0,0.0,0.0,0.0
289,You may ask to have the information on yours or your childs account deleted or removed and request that we no longer have contact with your child,0.0,0.0,0.0,0.0,0.0,1.0,0.0,0.0,0.0
290,We encourage you to promptly update,1.0,0.0,0.0,0.0,0.0,0.0,0.0,0.0,0.0
291,you cannot delete information,0.0,0.0,0.0,0.0,0.0,0.0,1.0,0.0,0.0
292,"You may ask to have the information on yours or your childs account deleted or removed and request that we no longer have contact with your child; however, because we keep track of past transactions for as long as is reasonably necessary, you cannot delete information associated with past transactions on this Website",0.0,0.0,0.0,0.0,0.0,1.0,0.0,0.0,0.0
293,cancel your membership,0.0,1.0,1.0,0.0,0.0,0.0,0.0,0.0,0.0
294,would like to cancel your membership,0.0,0.0,0.0,0.0,0.0,0.0,0.0,1.0,0.0
295,personally identifiable information deleted,0.0,1.0,0.0,0.0,0.0,0.0,0.0,0.0,0.0
296,to cancel your membership,0.0,0.0,0.0,0.0,1.0,0.0,0.0,0.0,0.0
297,To have any personally identifiable information deleted,0.0,0.0,0.0,0.0,0.0,1.0,0.0,0.0,0.0
298,information deleted,1.0,0.0,0.0,0.0,0.0,0.0,0.0,0.0,0.0
299,If you wish to cancel,0.0,0.0,0.0,0.0,0.0,0.0,0.0,1.0,0.0
300,request that we no longer use,0.0,1.0,0.0,0.0,0.0,0.0,0.0,0.0,0.0
301,You can access,0.0,0.0,1.0,0.0,0.0,0.0,0.0,0.0,0.0
302,you can unsubscribe,1.0,0.0,0.0,0.0,0.0,0.0,0.0,0.0,0.0
303,and update,1.0,0.0,0.0,0.0,0.0,0.0,0.0,0.0,0.0
304,"An individual who seeks access, or who seeks to correct, amend, or delete inaccurate data should direct his or her query to the relevant lynda.com client (the data controller).",0.0,1.0,0.0,0.0,0.0,0.0,0.0,0.0,0.0
305,who seeks access,0.0,0.0,0.0,1.0,0.0,0.0,0.0,0.0,0.0
306,"or who seeks to correct, amend",1.0,0.0,0.0,0.0,0.0,0.0,0.0,0.0,0.0
307,or delete inaccurate,0.0,0.0,0.0,0.0,0.0,1.0,0.0,0.0,0.0
308,"client makes a request to us to remove the data,",0.0,1.0,0.0,0.0,0.0,0.0,0.0,0.0,0.0
309,the right to request and receive from us,0.0,0.0,0.0,1.0,0.0,0.0,0.0,0.0,0.0
310,The individual may contact us at support@lynda.com to request that we remove this information from our database.,0.0,1.0,0.0,0.0,0.0,0.0,0.0,0.0,0.0
311,to change or update your,1.0,0.0,0.0,0.0,0.0,0.0,0.0,0.0,0.0
312,Not selected,0.0,0.0,1.0,0.0,0.0,0.0,0.0,0.0,0.0
313,request updates or changes to your information or your preferences,1.0,0.0,0.0,0.0,0.0,0.0,0.0,0.0,0.0
314,", if you wish to request updates or changes to your information or your preferences regarding receiving future promotional messages from us, you may contact our Privacy Policy Coordinator.",1.0,0.0,0.0,0.0,0.0,0.0,0.0,0.0,0.0
315,to request updates or changes to your information,1.0,0.0,0.0,0.0,0.0,0.0,0.0,0.0,0.0
316,your preferences regarding receiving future promotional messages,0.0,1.0,0.0,0.0,0.0,0.0,0.0,0.0,0.0
317,if you wish to request updates or changes to your information,1.0,0.0,0.0,0.0,0.0,0.0,0.0,0.0,0.0
318,you should contact the custodian of the record,0.0,0.0,1.0,0.0,0.0,0.0,0.0,0.0,0.0
319,Changing Your Personal Information,1.0,0.0,0.0,0.0,0.0,0.0,0.0,0.0,0.0
320,update your personal information.,1.0,0.0,0.0,0.0,0.0,0.0,0.0,0.0,0.0
321,"review, update, and correct",1.0,0.0,0.0,0.0,0.0,0.0,0.0,0.0,0.0
322,"ou may request that we delete personal information about you that is inaccurate, incomplete, or irrelevant for legitimate purposes, or are being processed in a way which infringes any applicable legal requirements, by contacting us as set out in the ""How to Contact Us"" section below",0.0,1.0,0.0,0.0,0.0,0.0,0.0,0.0,0.0
323,"We encourage you to review, update, and correct the personal information that we maintain about you, and you may request that we delete personal information about you that is inaccurate, incomplete, or irrelevant for legitimate purposes, or are being processed in a way which infringes any applicable legal requirements,",1.0,0.0,0.0,0.0,0.0,0.0,0.0,0.0,0.0
324,"We encourage you to review, update, and correct the personal information that we maintain about you, and you may request that we delete personal information about you that is inaccurate, incomplete, or irrelevant for legitimate purposes, or are being processed in a way which infringes any applicable legal requirements, by contacting us as set out in the ""How to Contact Us"" section below.",1.0,0.0,0.0,0.0,0.0,0.0,0.0,0.0,0.0
325,"Your rights to request that we delete your personal information are set forth in the""Accessing, Correcting, and Deleting Your Personal Information"" section above.",0.0,0.0,1.0,0.0,0.0,0.0,0.0,0.0,0.0
326,"You can also disable or delete the stored data used by technology similar to cookies, such as Local Shared Objects or Flash cookies, by managing your browser's ""add-on settings"" or visiting the website of its manufacturer.",0.0,1.0,0.0,0.0,0.0,0.0,0.0,0.0,0.0
327,"may be maintained, edited and deleted",1.0,0.0,0.0,0.0,0.0,0.0,0.0,0.0,0.0
328,"maintained, edited and deleted at the user's discretion at any time",1.0,0.0,0.0,0.0,0.0,0.0,0.0,0.0,0.0
329,Access to personally identifiable information that is collected from our Site may be accessible for a limited period of time from the point of collection,0.0,0.0,1.0,0.0,0.0,0.0,0.0,0.0,0.0
330,"maintained, edited and deleted",1.0,0.0,0.0,0.0,0.0,0.0,0.0,0.0,0.0
331,allows you to manage,1.0,0.0,0.0,0.0,0.0,0.0,0.0,0.0,0.0
332,manage,1.0,0.0,0.0,0.0,0.0,0.0,0.0,0.0,0.0
333,You may clear,0.0,0.0,0.0,0.0,1.0,0.0,0.0,0.0,0.0
334,removes it from the Search History service,0.0,0.0,0.0,0.0,0.0,1.0,0.0,0.0,0.0
335,"Clearing your history removes it from the Search History service and prevents that history from being displayed on the site, but does not delete information from our standard search logs,",0.0,0.0,0.0,0.0,0.0,1.0,0.0,0.0,0.0
336,clear your search history,1.0,0.0,0.0,0.0,0.0,0.0,0.0,0.0,0.0
337,edit account information,1.0,0.0,0.0,0.0,0.0,0.0,0.0,0.0,0.0
338,to make changes,1.0,0.0,0.0,0.0,0.0,0.0,0.0,0.0,0.0
339,"If you wish to make changes to any personal information you have provided us, or if you have any questions about what we do with your personal information, please contact us by sending an e-mail to privacy@washingtonian.com.",1.0,0.0,0.0,0.0,0.0,0.0,0.0,0.0,0.0
340,"We are not responsible for the personally identifiable information you choose to submit in the course of your public activities and we have no responsibility to publish, take down, remove or edit any of your public activities or submissions.",0.0,0.0,0.0,0.0,0.0,0.0,1.0,0.0,0.0
341,You may review and update,1.0,0.0,0.0,0.0,0.0,0.0,0.0,0.0,0.0
342,You may review,0.0,0.0,0.0,1.0,0.0,0.0,0.0,0.0,0.0
343,review and update,1.0,0.0,0.0,0.0,0.0,0.0,0.0,0.0,0.0
344,Update,1.0,0.0,0.0,0.0,0.0,0.0,0.0,0.0,0.0
345,Update your account,1.0,0.0,0.0,0.0,0.0,0.0,0.0,0.0,0.0
346,"In addition to the functionality provided to you via the online services (such as using ""account settings"" for registered users), where legally required we provide online visitors with access to their personal information and the ability to review, update and correct it.",1.0,0.0,0.0,0.0,0.0,0.0,0.0,0.0,0.0
347,"we provide online visitors with access to their personal information and the ability to review, update and correct it.",1.0,0.0,0.0,0.0,0.0,0.0,0.0,0.0,0.0
348,we provide online visitors with access to their personal information and the ability to review,0.0,0.0,0.0,1.0,0.0,0.0,0.0,0.0,0.0
349,update and correct it,1.0,0.0,0.0,0.0,0.0,0.0,0.0,0.0,0.0
350,"Some access requests may be subject to a small fee. To help your privacy and security, we will take reasonable steps to verify your identity, such as requiring a password and user ID, and possibly photo ID before granting access to your personal information.",1.0,0.0,0.0,0.0,0.0,0.0,0.0,0.0,0.0
351,"If you'd like to delete, modify or update the data that you provided via the online services please use the settings on the online services",0.0,0.0,0.0,0.0,0.0,1.0,0.0,0.0,0.0
352,"delete,",0.0,0.0,1.0,0.0,0.0,1.0,0.0,0.0,0.0
353,", modify or update",1.0,0.0,0.0,0.0,0.0,0.0,0.0,0.0,0.0
354,you may review and update certain user profile information by logging in to the relevant portions of the Services where such information may be updated,1.0,0.0,0.0,0.0,0.0,0.0,0.0,0.0,0.0
355,"Upon request, you may review all information that we maintain in your record,",0.0,0.0,0.0,1.0,0.0,0.0,0.0,0.0,0.0
356,You may also request that inaccuracies be corrected in any information that we maintain in your record.,1.0,0.0,0.0,0.0,0.0,0.0,0.0,0.0,0.0
357,Making corrections,1.0,0.0,0.0,0.0,0.0,0.0,0.0,0.0,0.0
358,you may review,0.0,0.0,0.0,1.0,0.0,0.0,0.0,0.0,0.0
359,You may also request that inaccuracies be corrected,0.0,1.0,0.0,0.0,0.0,0.0,0.0,0.0,0.0
360,"You may have access to, review, correct, update, change or delete your account profile information at any time. Simply log into your account, go to your profile, and make the necessary changes.",0.0,0.0,0.0,0.0,0.0,1.0,0.0,0.0,0.0
361,"You may have access to, review,",0.0,0.0,0.0,1.0,0.0,0.0,0.0,0.0,0.0
362,"correct, update, change",1.0,0.0,0.0,0.0,0.0,0.0,0.0,0.0,0.0
363,delete your account profile information at any time.,0.0,1.0,0.0,0.0,0.0,0.0,0.0,0.0,0.0
364,or delete,0.0,0.0,0.0,0.0,0.0,1.0,0.0,0.0,0.0
365,"If you wish to delete or close your account or account profile information altogether, please click here for more information on how to contact us. We will retain logs, demographic, indirect, and statistical information about you and keep an archival copy of this information in an anonymized form.",0.0,0.0,0.0,0.0,1.0,0.0,0.0,0.0,0.0
366,If you wish to delete or close your account or account profile information altogether,0.0,0.0,0.0,0.0,1.0,0.0,0.0,0.0,0.0
367,update or change your preferences about receiving marketing materials.,1.0,0.0,0.0,0.0,0.0,0.0,0.0,0.0,0.0
368,"We provide you with various ways to access or update your personal information, including contact and account information.",1.0,0.0,0.0,0.0,0.0,0.0,0.0,0.0,0.0
369,various ways to access,0.0,0.0,0.0,1.0,0.0,0.0,0.0,0.0,0.0
370,"log into your account. Once you do, you will be able to enter and update",1.0,0.0,0.0,0.0,0.0,0.0,0.0,0.0,0.0
371,you will be able to enter and update,1.0,0.0,0.0,0.0,0.0,0.0,0.0,0.0,0.0
372,"interested in accessing, and your requested changes",1.0,0.0,0.0,0.0,0.0,0.0,0.0,0.0,0.0
373,"We will provide you the personal information requested if it is reasonably available, unless it infringes on the privacy of other individuals, and subject to reasonable limitations provided by law and internal procedures.",0.0,0.0,0.0,1.0,0.0,0.0,0.0,0.0,0.0
374,"Contact us through one of the ways listed in the ""Contact Us"" section at the bottom of this Policy. Please include your current contact information, the information you are interested in accessing, and your requested changes. We will provide you the personal information requested if it is reasonably available, unless it infringes on the privacy of other individuals, and subject to reasonable limitations provided by law and internal procedures. Otherwise we will describe the types of information we typically collect. We will provide access and make the changes you request, or will provide an explanation of what actions we will be able to take with regard to the request.",0.0,1.0,0.0,0.0,0.0,0.0,0.0,0.0,0.0
375,we will refer you to the service provider or business partner,0.0,0.0,1.0,0.0,0.0,0.0,0.0,0.0,0.0
376,accessing records,0.0,0.0,0.0,1.0,0.0,0.0,0.0,0.0,0.0
377,"If you need assistance accessing records related to your Vision Center, Pharmacy, or financial services information, please visit the ""What Are Your Privacy Protections for Specific Types of Personal Information?""section.  ",0.0,0.0,1.0,0.0,0.0,0.0,0.0,0.0,0.0
378,You can also modify,1.0,0.0,0.0,0.0,0.0,0.0,0.0,0.0,0.0
379,You can edit,1.0,0.0,0.0,0.0,0.0,0.0,0.0,0.0,0.0
380,You can edit your Yahoo Account Information,1.0,0.0,0.0,0.0,0.0,0.0,0.0,0.0,0.0
381,You can delete your Yahoo account by visiting our Account Deletion page. Please click here to read about information that might possibly remain in our archived records after your account has been deleted.,0.0,0.0,0.0,0.0,0.0,1.0,0.0,0.0,0.0
382,You can delete your Yahoo account,0.0,0.0,0.0,0.0,1.0,0.0,0.0,0.0,0.0
383,information that might possibly remain in our archived records after your account has been deleted.,0.0,0.0,0.0,0.0,0.0,1.0,0.0,0.0,0.0
384,changed or removed,1.0,0.0,0.0,0.0,0.0,0.0,0.0,0.0,0.0
385,If you would like to have your personally identifiable information changed,1.0,0.0,0.0,0.0,0.0,0.0,0.0,0.0,0.0
386,"or removed from our database,",0.0,0.0,0.0,0.0,0.0,1.0,0.0,0.0,0.0
387,"If your account information is incomplete, inaccurate or not current, please use the Contact Us option on our Site, or call or write to us at the telephone numbers or appropriate address",1.0,0.0,0.0,0.0,0.0,0.0,0.0,0.0,0.0
388,"please use the Contact Us option on our Site, or call or write to us at the telephone numbers or appropriate address for changes listed on your account statements, records, online or other account materials. You can also speak to a customer representative at a banking center, your Financial Advisor or account representative.",0.0,1.0,0.0,0.0,0.0,0.0,0.0,0.0,0.0
389,deactivate your account,0.0,0.0,0.0,0.0,0.0,0.0,0.0,1.0,0.0
390,change or edit,1.0,0.0,0.0,0.0,0.0,0.0,0.0,0.0,0.0
391,"you may review,",0.0,0.0,0.0,1.0,0.0,0.0,0.0,0.0,0.0
392,"However, Personal Information that is necessary to check eligibility, such as date of birth or age, cannot be deleted, but may be modified with sufficient verification of the correct information.",0.0,0.0,0.0,0.0,0.0,1.0,0.0,0.0,0.0
393,"Generally, you may review, update or delete certain Information collected by the Site by clicking ""Account"" on the homepage to sign in to your Site account with your User ID to change, update or deactivate your Personal Information. However, Personal Information that is necessary to check eligibility, such as date of birth or age, cannot be deleted, but may be modified with sufficient verification of the correct information. We will allow you to change the password portion of your User ID, as well as certain other Information you have given us in order to keep your information current, but once you select a user name you will not be able to change that user name provided to us during registration and which is associated with your User ID.",1.0,0.0,0.0,0.0,0.0,0.0,0.0,0.0,0.0
394,"review, update or delete",1.0,0.0,0.0,0.0,0.0,0.0,0.0,0.0,0.0
395,"cannot be deleted, but may be modified with sufficient verification of the correct information",1.0,0.0,0.0,0.0,0.0,0.0,0.0,0.0,0.0
396,you will not be able to change that user name,0.0,0.0,0.0,0.0,0.0,0.0,1.0,0.0,0.0
397,"You may also exercise certain privacy settings options by, if you are a registered user of the Site and logged into the Site, clicking ""Profile"" or your display name at the top of the Site, selecting ""Edit Profile"" or ""Manage Account"" and selecting the ""Privacy"" tab.",0.0,1.0,0.0,0.0,0.0,0.0,0.0,0.0,0.0
398,deleted upon the user's request,0.0,1.0,0.0,0.0,0.0,0.0,0.0,0.0,0.0
399,"If the burden or expense of providing access to your Information is disproportionate to the risks to your privacy or if the legitimate rights of others would be violated, we may decide not to provide access to such Information. In such cases, we will provide to you an explanation of why access cannot be provided and contact information for further inquiries",0.0,1.0,0.0,0.0,0.0,0.0,0.0,0.0,0.0
400,"If the burden or expense of providing access to your Information is disproportionate to the risks to your privacy or if the legitimate rights of others would be violated, we may decide not to provide access to such Information. In such cases, we will provide to you an explanation of why access cannot be provided and contact information for further inquiries.",0.0,1.0,0.0,0.0,0.0,0.0,0.0,0.0,0.0
401,"If the burden or expense of providing access to your Information is disproportionate to the risks to your privacy or if the legitimate rights of others would be violated, we may decide not to provide access to such Information.",0.0,0.0,0.0,0.0,0.0,0.0,1.0,0.0,0.0
402,"Parents of children or Ineligible Teenagers who wish to terminate their child's or Ineligible Teenager's membership must use their child's or Ineligible Teenager's User ID to gain direct access to the account, and follow the procedures in the ""Deactivation/Termination of Your Registration or Use"" Section of the Terms of Use Agreement to terminate their child's or Ineligible Teenager's member;",0.0,0.0,0.0,0.0,1.0,0.0,0.0,0.0,0.0
403,You can add or update certain information,1.0,0.0,0.0,0.0,0.0,0.0,0.0,0.0,0.0
404,"Access ""Account Settings"" to change",1.0,0.0,0.0,0.0,0.0,0.0,0.0,0.0,0.0
405,change or delete information,1.0,0.0,0.0,0.0,0.0,0.0,0.0,0.0,0.0
406,to change or delete information,1.0,0.0,0.0,0.0,0.0,0.0,0.0,0.0,0.0
407,change your preferences,1.0,0.0,0.0,0.0,0.0,0.0,0.0,0.0,0.0
408,cancel your registration altogether,0.0,1.0,0.0,0.0,0.0,0.0,0.0,0.0,0.0
409,"In our site, we give you opportunities to provide your name, address, email and other relevant information that we use to give you a more personalized shopping experience and to make ordering and reordering easier for you.",1.0,0.0,0.0,0.0,0.0,0.0,0.0,0.0,0.0
410,We will correct such information whenever possible and delete stale information on an ongoing basis and are very happy to hear from you to ensure that our information is as complete and accurate as possible.,1.0,0.0,0.0,0.0,0.0,0.0,0.0,0.0,0.0
411,e will correct such information whenever possible and delete stale information on an ongoing basis and are very happy to hear from you to ensure that our information is as complete and accurate as possible.,1.0,0.0,0.0,0.0,0.0,0.0,0.0,0.0,0.0
412,e will correct such information whenever possible and delete stale information on an ongoing basis and are very happy to hear from you to ensure that our information is as complete and accurate as possible,0.0,0.0,1.0,0.0,0.0,0.0,0.0,0.0,0.0
413,"You can access, add or update certain information in the "" My Account"" section of the Sites, including order tracking and account information.",1.0,0.0,0.0,0.0,0.0,0.0,0.0,0.0,0.0
414,"You can access, add or update certain information in the "" My Account"" section of the Sites, including order tracking and account information. When you update information, your old information is replaced by your new information.",0.0,0.0,0.0,1.0,0.0,0.0,0.0,0.0,0.0
415,add or update certain in,1.0,0.0,0.0,0.0,0.0,0.0,0.0,0.0,0.0
416,You can ask us to change or update other personal information about you by clicking here to reach our Privacy Officer.,1.0,0.0,0.0,0.0,0.0,0.0,0.0,0.0,0.0
417,You can ask us to change or update other personal information about you by clicking here to reach our Privacy Officer. Any request to update personal information may take up to 10 days for your email request and 6-8 weeks for your postal mail request.,1.0,0.0,0.0,0.0,0.0,0.0,0.0,0.0,0.0
418,You can unsubscribe or change your subscription to any of our Personal Notification Services at any time.,1.0,0.0,0.0,0.0,0.0,0.0,0.0,0.0,0.0
419,"To change your mind, simply contact our Privacy Officer or sign up again when you visit the Sites or our stores.",1.0,0.0,0.0,0.0,0.0,0.0,0.0,0.0,0.0
420,"if you would prefer that we delete or suppress information we have about you,",0.0,1.0,0.0,0.0,0.0,0.0,0.0,0.0,0.0
421,"Upon your request, we will make reasonable efforts to delete your personal information from our database, however, it may be impossible to delete your entry without retaining some residual information for a period of time due to backups and records of deletion.",0.0,0.0,0.0,0.0,0.0,1.0,0.0,0.0,0.0
422,factual errors,1.0,0.0,0.0,0.0,0.0,0.0,0.0,0.0,0.0
423,You can access all your personally identifiable information that we collect online and maintain by logging into your account and adjusting your account settings and profile information. You can correct factual errors in your personally identifiable information by sending us a request that credibly shows error.,1.0,0.0,0.0,0.0,0.0,0.0,0.0,0.0,0.0
424,that will allow you to change,1.0,0.0,0.0,0.0,0.0,0.0,0.0,0.0,0.0
425,you can update,1.0,0.0,0.0,0.0,0.0,0.0,0.0,0.0,0.0
426,may review and change,1.0,0.0,0.0,0.0,0.0,0.0,0.0,0.0,0.0
427,A registered user of MediaNews Web sites may review and change his or her PIN and/or e-mail preferences by clicking on the Manage Account link after signing in.,1.0,0.0,0.0,0.0,0.0,0.0,0.0,0.0,0.0
428,may review and change his or her PIN and/or e-mail preferences by clicking on the Manage Account link after signing in.,1.0,0.0,0.0,0.0,0.0,0.0,0.0,0.0,0.0
429,Correct factual errors,1.0,0.0,0.0,0.0,0.0,0.0,0.0,0.0,0.0
430,"Request to have this information deleted,",0.0,1.0,0.0,0.0,0.0,0.0,0.0,0.0,0.0
431,Request that we no longer collect or maintain,0.0,1.0,0.0,0.0,0.0,0.0,0.0,0.0,0.0
432,You can update,1.0,0.0,0.0,0.0,0.0,0.0,0.0,0.0,0.0
433,access and edit,1.0,0.0,0.0,0.0,0.0,0.0,0.0,0.0,0.0
434,the ability to access and edit,1.0,0.0,0.0,0.0,0.0,0.0,0.0,0.0,0.0
435,"How To Obtain A Copy Of This Notice. You have the right to a paper copy of this notice. You may request a paper copy at any time, even if you have previously agreed to receive this notice electronically. To do so, please call the Kaleida Health Privacy Officer at 716-859-8559. You may also obtain a copy of this notice from our website at www.Kaleidahealth.org, or by requesting a copy at your next visi",0.0,1.0,0.0,0.0,0.0,0.0,0.0,0.0,0.0
436,Kaleida Health wants you to know that you have the following rights to access and control your health information.,0.0,0.0,0.0,1.0,0.0,0.0,0.0,0.0,0.0
437,inspect and,0.0,0.0,0.0,1.0,0.0,0.0,0.0,0.0,0.0
438,You have the right to inspect and obtain a copy of any of your health information,0.0,0.0,0.0,1.0,0.0,0.0,0.0,0.0,0.0
439,"You have the right to inspect and obtain a copy of any of your health information that may be used to make decisions about you and your treatment for as long as we maintain this information in our records. This includes medical and billing records. To inspect or obtain a copy of your health information, please submit your request in writing to the Kaleida Health hospital or clinic at which you received your care. If you request a copy of the information, Kaleida Health may charge a fee for the costs of copying, mailing or other supplies we use to fulfill your request. The standard fee is $0.75 per page and must generally be paid before or at the time we give the copies to you.",0.0,0.0,0.0,1.0,0.0,0.0,0.0,0.0,0.0
440,Kaleida Health will respond to your request for inspection of records within 10 days.,0.0,0.0,0.0,1.0,0.0,0.0,0.0,0.0,0.0
441,"If you believe that the health information we have about you is incorrect or incomplete, you may ask Kaleida Health to amend the information.",1.0,0.0,0.0,0.0,0.0,0.0,0.0,0.0,0.0
442,"You have a right to request an ""accounting of disclosures"" which identifies certain other persons or organizations to whom we have disclosed your health information in accordance with applicable law and the protections afforded in this Notice of Privacy Practices.",0.0,0.0,0.0,1.0,0.0,0.0,0.0,0.0,0.0
443,An accounting of disclosures also does not include information about the following disclosures:,0.0,0.0,0.0,1.0,0.0,0.0,0.0,0.0,0.0
444,Your request must state a time period within the past six years for the disclosures you want us to include.,0.0,0.0,0.0,1.0,0.0,0.0,0.0,0.0,0.0
445,Ordinarily Kaleida Health will respond to your request for an accounting within 60 days.,0.0,0.0,0.0,1.0,0.0,0.0,0.0,0.0,0.0
446,"ou have the right to request that we further restrict the way Kaleida Health uses and discloses your health information to treat your condition, collect payment for that treatment, or run our business operations",0.0,1.0,0.0,0.0,0.0,0.0,0.0,0.0,0.0
447,"If you choose to share contact information with us, you will have the opportunity to update that information.",1.0,0.0,0.0,0.0,0.0,0.0,0.0,0.0,0.0
448,"f you choose to share contact information with us, you will have the opportunity to update that informatio",1.0,0.0,0.0,0.0,0.0,0.0,0.0,0.0,0.0
449,"Upon a visitor's request via postal mail, e-mail, or facsimile, SRL will provide to the visitor a summary of any personally identifiable information retained by SRL regarding the visitor, which information has been voluntarily provided to SRL through an account registration, customer order, or electronic news or information subscription. A visitor may modify, correct, change or update their personally identifiable information by contacting SRL via postal mail, e-mail, facsimile, or telephone as provided in Paragraph 3 of this Privacy Statement.",1.0,0.0,0.0,0.0,0.0,0.0,0.0,0.0,0.0
450,"SRL will provide to the visitor a summary of any personally identifiable information retained by SRL regarding the visitor, which information has been voluntarily provided to SRL through an account registration, customer order, or electronic news or information subscription",0.0,0.0,0.0,1.0,0.0,0.0,0.0,0.0,0.0
451,"modify, correct, change or update",1.0,0.0,0.0,0.0,0.0,0.0,0.0,0.0,0.0
452,SRL will provide to the visitor a summary,0.0,0.0,0.0,1.0,0.0,0.0,0.0,0.0,0.0
453,"Images on our website (or a third party site where we share images, such as Flickr)",0.0,1.0,0.0,0.0,0.0,0.0,0.0,0.0,0.0
454,Anyone who intends to use these materials commercially should contact the individuals depicted or their representatives.,0.0,1.0,0.0,0.0,0.0,0.0,0.0,0.0,0.0
455,change their profile information,1.0,0.0,0.0,0.0,0.0,0.0,0.0,0.0,0.0
456,You may be able to,0.0,0.0,1.0,0.0,0.0,0.0,0.0,0.0,0.0
457,"Flash cookies may remain on your computer even after you have rejected, disabled, opted out or deleted regular cookies.",0.0,1.0,0.0,0.0,0.0,0.0,0.0,0.0,0.0
458,may modify,1.0,0.0,0.0,0.0,0.0,0.0,0.0,0.0,0.0
459,remove,1.0,0.0,0.0,0.0,0.0,1.0,0.0,0.0,0.0
460,modify or remove,1.0,0.0,0.0,0.0,0.0,0.0,0.0,0.0,0.0
461,If you wish to review,1.0,0.0,0.0,0.0,0.0,0.0,0.0,0.0,0.0
462,review or delete,1.0,0.0,0.0,0.0,0.0,0.0,0.0,0.0,0.0
463,"o see the Flash LSOs currently on your computer,",0.0,0.0,0.0,1.0,0.0,0.0,0.0,0.0,0.0
464,"If you would like to access, review, correct, update, suppress, or otherwise limit our use of your personal information you have previously provided directly to us, you may contact us using the mechanisms provided below. In your request, please include your email address, name, address, and telephone number and specify clearly what information you would like to access, change, update and/or suppress. We will try to comply with your request as soon as reasonably practicable.",1.0,0.0,0.0,0.0,0.0,0.0,0.0,0.0,0.0
465,"If you would like to access, review,",0.0,0.0,0.0,1.0,0.0,0.0,0.0,0.0,0.0
466,"correct, update,",1.0,0.0,0.0,0.0,0.0,0.0,0.0,0.0,0.0
467,"suppress, or otherwise limit",0.0,1.0,0.0,0.0,0.0,0.0,0.0,0.0,0.0
468,"access, review, correct, update, suppress, or otherwise limit",1.0,0.0,0.0,0.0,0.0,0.0,0.0,0.0,0.0
469,"to correct, update, delete or remove the personal data you have provided to us. This can be done by making changes to your profile, by using an opt out message in an email, or by emailing us at website@vikings.nfl.com, admin@vikingscontests.com, admin@vikingsnewsletter.com.",1.0,0.0,0.0,0.0,0.0,0.0,0.0,0.0,0.0
470,delete or remove the personal data you have provided to us.,0.0,1.0,0.0,0.0,0.0,0.0,0.0,0.0,0.0
471,"correct, update, delete or remove",1.0,0.0,0.0,0.0,0.0,0.0,0.0,0.0,0.0
472,You may update and/or edit y,1.0,0.0,0.0,0.0,0.0,0.0,0.0,0.0,0.0
473,You may update and/or edit,1.0,0.0,0.0,0.0,0.0,0.0,0.0,0.0,0.0
474,Manage Your NYTimes.com Account in the My Account Area. You may review and update,1.0,0.0,0.0,0.0,0.0,0.0,0.0,0.0,0.0
475,and access,0.0,0.0,1.0,0.0,0.0,0.0,0.0,0.0,0.0
476,You will have the ability to access the information that we have collected about you.,0.0,0.0,0.0,1.0,0.0,0.0,0.0,0.0,0.0
477,"You will have an opportunity to correct, update or modify this information",1.0,0.0,0.0,0.0,0.0,0.0,0.0,0.0,0.0
478,"You will have an opportunity to correct, update or modify this information.",1.0,0.0,0.0,0.0,0.0,0.0,0.0,0.0,0.0
479,"correct, update or modify",1.0,0.0,0.0,0.0,0.0,0.0,0.0,0.0,0.0
480,If you would like to modify,1.0,0.0,0.0,0.0,0.0,0.0,0.0,0.0,0.0
481,modify or delete,1.0,0.0,0.0,0.0,0.0,0.0,0.0,0.0,0.0
482,"If you do not wish to receive them, you have the option to deactivate your account.",0.0,0.0,0.0,0.0,0.0,0.0,0.0,1.0,0.0
483,"f you do not wish to receive them, you have the option to deactivate your account.",0.0,0.0,0.0,0.0,0.0,0.0,0.0,1.0,0.0
484,"If you are a member of an Online Service, you may use that services account and privacy settings to personalize the collection, use and/or display of your data via that service.",0.0,1.0,0.0,0.0,0.0,0.0,0.0,0.0,0.0
485,"To delete your Rockstar Games account, sign into your Social Club account, go to https://socialclub.rockstargames.com/profile equestdeleteaccount.html, and follow the instructions on the page.",0.0,0.0,0.0,0.0,1.0,0.0,0.0,0.0,0.0
486,"To delete your Rockstar Games account, sign into your Social Club account, go to https://socialclub.rockstargames.com/profile equestdeleteaccount.html, and follow the instructions on the page. If y",0.0,0.0,1.0,0.0,0.0,0.0,0.0,0.0,0.0
487,if you wish to view,0.0,0.0,0.0,1.0,0.0,0.0,0.0,0.0,0.0
488,"view,",0.0,0.0,0.0,1.0,0.0,0.0,0.0,0.0,0.0
489,cancel,0.0,0.0,0.0,0.0,0.0,1.0,0.0,0.0,0.0
490,"Data Retention: We will retain your personal information for as long as your account is active or as needed to provide you services. If you wish to cancel your account or request that we no longer use your personal information to provide you services contact us as described above under ""How You Can Control the Collection, Use, and/or Display of Data or Review Your Data."" If your account is inactive for a period time it may be deleted. If information is changed or deleted, we may still retain some of your information in our files to resolve disputes, enforce our user agreement, administer our services, comply with technical and legal requirements, and/or other constraints related to the security, integrity, and operation of our Online Services.  ",0.0,0.0,0.0,0.0,0.0,1.0,0.0,0.0,0.0
491,"In all cases for all Online Services, we will respond to your request for access to update,",1.0,0.0,0.0,0.0,0.0,0.0,0.0,0.0,0.0
492,"we have no responsibility to publish, remove or edit",0.0,1.0,0.0,0.0,0.0,0.0,0.0,0.0,0.0
493,You can request that your account be deleted at any time by contacting us,0.0,0.0,0.0,0.0,1.0,0.0,0.0,0.0,0.0
494,"You can request that your account be deleted at any time by contacting us. When your account is deleted, your user profile and all public activities (comments, conversation topics) will be removed.",0.0,0.0,0.0,0.0,1.0,0.0,0.0,0.0,0.0
495,"When your account is deleted, your user profile and all public activities (comments, conversation topics) will be removed.",0.0,0.0,0.0,0.0,1.0,0.0,0.0,0.0,0.0
496,updated,1.0,0.0,0.0,0.0,0.0,0.0,0.0,0.0,0.0
497,"Certain information, such as address or email address, can be updated or corrected simply by calling Customer Service at 1.888.777.7920.",1.0,0.0,0.0,0.0,0.0,0.0,0.0,0.0,0.0
498,"Certain information, such as address or email address, can be updated or correcte",1.0,0.0,0.0,0.0,0.0,0.0,0.0,0.0,0.0
499,review the information,0.0,0.0,0.0,1.0,0.0,0.0,0.0,0.0,0.0
500,"obtain access to their personal information through eConnect, a secure web interface that requires you to enter your student identification number and a password. The following information is available to registered students",0.0,0.0,0.0,1.0,0.0,0.0,0.0,0.0,0.0
501,How to view your information,0.0,0.0,0.0,1.0,0.0,0.0,0.0,0.0,0.0
502,access to their personal information,0.0,0.0,0.0,1.0,0.0,0.0,0.0,0.0,0.0
503,correct their Student Information Profile and email address online through eConnect.,1.0,0.0,0.0,0.0,0.0,0.0,0.0,0.0,0.0
504,How to update/correct your student record,1.0,0.0,0.0,0.0,0.0,0.0,0.0,0.0,0.0
505,"If any of the remaining personal information in your student record contains an error, please visit the Registrar's Office and request that the error be corrected",0.0,0.0,0.0,1.0,0.0,0.0,0.0,0.0,0.0
506,request that the error be corrected.,0.0,1.0,0.0,0.0,0.0,0.0,0.0,0.0,0.0
507,corrected,1.0,0.0,0.0,0.0,0.0,0.0,0.0,0.0,0.0
508,"However, we only save the most recent version of comments and posts, so your previous edits, once overwritten, are no longer available.",1.0,0.0,0.0,0.0,0.0,0.0,0.0,0.0,0.0
509,delete your reddit account at any time.,0.0,0.0,0.0,0.0,0.0,1.0,0.0,0.0,0.0
510,"You may choose to delete your reddit account at any time. The usernames associated with deleted accounts remain unavailable for others to use, and your public profile is no longer visible to reddit users. However, the posts and content you made during your tenure as a reddit user will not be automatically deleted as part of the account removal process,",0.0,0.0,0.0,0.0,0.0,1.0,0.0,0.0,0.0
511,"However, the posts and content you made during your tenure as a reddit user will not be automatically deleted as part of the account removal process, though your username will be publicly disassociated with all posts.",0.0,0.0,0.0,0.0,0.0,1.0,0.0,0.0,0.0
512,"You may choose to delete your reddit account at any time. The usernames associated with deleted accounts remain unavailable for others to use, and your public profile is no longer visible to reddit users. However, the posts and content you made during your tenure as a reddit user will not be automatically deleted as part of the account removal process, though your username will be publicly disassociated with all posts.",0.0,0.0,0.0,0.0,0.0,1.0,0.0,0.0,0.0
513,"If you believe that someone has submitted, without your permission, to reddit a link to a photograph, video, or digital image of you in a state of nudity or engaged in any act of sexual conduct, please contact us ( contact@reddit.com), and we will expedite its removal as quickly as possible.",0.0,1.0,0.0,0.0,0.0,0.0,0.0,0.0,0.0
514,"If you delete a reddit app from your mobile device, any app-specific information stored on your device will be deleted from your device. If you have backed up your devices apps, reddit app information may continue to exist where you have backed it up.",0.0,0.0,0.0,0.0,0.0,1.0,0.0,0.0,0.0
515,"If you delete a reddit app from your mobile device, any app-specific information stored on your device will be deleted from your device.",0.0,1.0,0.0,0.0,0.0,0.0,0.0,0.0,0.0
516,You can manage and delete,1.0,0.0,0.0,0.0,0.0,0.0,0.0,0.0,0.0
517,elect to change your UserRegistration at any time by logging in and editing your User Registration (each of our Covered Sites will contain log-in information).,1.0,0.0,0.0,0.0,0.0,0.0,0.0,0.0,0.0
518,cancel any User Registration that you may have selected or that we may have assigned.,0.0,0.0,0.0,0.0,0.0,0.0,0.0,1.0,0.0
519,You may elect to change,1.0,0.0,0.0,0.0,0.0,0.0,0.0,0.0,0.0
520,"You may also log-in to cancel any User Registration that you may have selected or that we may have assigned. If you cancel your User Registration, we will retain your email address, user name and assigned user ID on file and use them only for thepurpose of assuring you are not automatically registered again, against your wishes. You may request deletion of your Personally Identifiable Information by us, but please note that we may be required to keep this information and not delete it (or to keep this information for a certain time, in which case we will comply with your deletion request only after we have fulfilled such requirements). When we delete any information, it will be deleted from the active database, but may remain in our archives. We may retain your information for fraud or similar purposes.",0.0,0.0,0.0,0.0,0.0,1.0,0.0,0.0,0.0
521,"If you cancel your User Registration, we will retain your email address, user name and assigned user ID on file and use them only for thepurpose of assuring you are not automatically registered again, against your wishes.",0.0,0.0,0.0,0.0,0.0,1.0,0.0,0.0,0.0
522,"You may request deletion of your Personally Identifiable Information by us, but please note that we may be required to keep this information and not delete it (or to keep this information for a certain time, in which case we will comply with your deletion request only after we have fulfilled such requirements). When we delete any information, it will be deleted from the active database, but may remain in our archives.",0.0,0.0,0.0,0.0,0.0,1.0,0.0,0.0,0.0
523,Note that our deletion does not ensure complete or comprehensive removal of your content from the internet and comments that may have been posted by others about you or your posting will remain accessible online.,0.0,0.0,0.0,0.0,0.0,1.0,0.0,0.0,0.0
