,Clause,User account data,Other data about user,Unspecified,Profile data,Other,Transactional data
0,"personally identifiable information you have provided to us in this manner,",1.0,0.0,0.0,0.0,0.0,0.0
1,personally identifiable information you have provided,1.0,0.0,0.0,0.0,0.0,0.0
2,any personally identifiable information,0.0,1.0,0.0,0.0,0.0,0.0
3,correct or delete information or update account settings,1.0,0.0,0.0,0.0,0.0,0.0
4,"information you have given us. To correct or delete information or update account settings,",1.0,0.0,0.0,0.0,0.0,0.0
5,To correct or delete information or update account settings,1.0,0.0,0.0,0.0,0.0,0.0
6,Your Options,0.0,0.0,1.0,0.0,0.0,0.0
7,"To manage and correct any factual inaccuracies in the information we have on file about you,",0.0,0.0,1.0,1.0,0.0,0.0
8,the information we have on file about you,0.0,0.0,0.0,1.0,0.0,0.0
9,"you can request a list of the personal information we have shared with third parties for their marketing purposes. We will also give you a list of the third parties that have received your information. You can make a request one time each year. To exercise your rights, you can contact us by email at online@notmc.com or as set forth in the Contact Us section below.",0.0,0.0,1.0,0.0,0.0,0.0
10,personal information we have shared with third parties,0.0,0.0,0.0,1.0,0.0,0.0
11,We will also give you a list of the third parties that have received your information.,0.0,0.0,0.0,0.0,1.0,0.0
12,delete the child's information from our records.,0.0,0.0,0.0,1.0,0.0,0.0
13,provided NOTMC with personally identifiable information through our Online Services,1.0,0.0,0.0,0.0,0.0,0.0
14,Which,0.0,0.0,1.0,0.0,0.0,0.0
15,similar data,0.0,0.0,1.0,0.0,0.0,0.0
16," Which Information Can I Access?    Amazon.com gives you access to a broad range of information about your account and your interactions with Amazon.com for the limited purpose of viewing and, in certain cases, updating that information. Click here to see some examples, the list of which will change as our Web site evolves.",0.0,0.0,1.0,0.0,0.0,0.0
17,about your account,1.0,0.0,0.0,0.0,0.0,0.0
18,d your interactions with Amazon.com,0.0,0.0,0.0,0.0,1.0,0.0
19,information,1.0,0.0,1.0,0.0,1.0,0.0
20,he list of which will change as our Web site evolves.,0.0,0.0,1.0,0.0,0.0,0.0
21,access to a broad range of information about your account and your interactions with Amazon.com,0.0,0.0,1.0,0.0,0.0,0.0
22,certain information,0.0,0.0,1.0,0.0,0.0,0.0
23,certain informatio,0.0,0.0,1.0,0.0,0.0,0.0
24,recent orders,0.0,0.0,0.0,0.0,0.0,1.0
25,"personally identifiable information (including name, e-mail, password, communications and personalized advertising preferences, address book, and 1-Click settings); payment settings (including credit card information and promotional certificate and gift card balances); e-mail notification settings (including Product Availability Alerts, Delivers, and newsletters); Recommendations (including Recommended for You and Improve Your Recommendations); shopping lists and gift registries (including Wish Lists and Baby and Wedding Registries); Seller accounts; and Your Profile (including your product Reviews, Recommendations, Listmania lists, Reminders, personal profile, and Wish List).",1.0,0.0,0.0,0.0,0.0,0.0
26,Recommendations (including Recommended for You and Improve Your Recommendations);,0.0,0.0,0.0,0.0,1.0,0.0
27,include up-to-date information regarding recent orders,0.0,0.0,0.0,0.0,0.0,1.0
28,"personally identifiable information (including name, e-mail, password, communications and personalized advertising preferences, address book, and 1-Click settings)",1.0,0.0,0.0,0.0,0.0,0.0
29,"e-mail notification settings (including Product Availability Alerts, Delivers, and newsletters);",0.0,1.0,0.0,0.0,0.0,0.0
30,Recommendations (including Recommended for You and Improve Your Recommendations),0.0,0.0,0.0,1.0,0.0,0.0
31,"include up-to-date information regarding recent orders; personally identifiable information (including name, e-mail, password, communications and personalized advertising preferences, address book, and 1-Click settings); payment settings (including credit card information and promotional certificate and gift card balances); e-mail notification settings",1.0,0.0,0.0,0.0,0.0,0.0
32,"Recommendations (including Recommended for You and Improve Your Recommendations); shopping lists and gift registries (including Wish Lists and Baby and Wedding Registries); Seller accounts; and Your Profile (including your product Reviews, Recommendations, Listmania lists, Reminders, personal profile, and Wish List)",0.0,0.0,0.0,1.0,0.0,0.0
33,"such as your e-mail address, by using our User Administration pages. When you update information, we usually keep a copy of the prior version for our records.",1.0,0.0,0.0,0.0,0.0,0.0
34,"add or update certain information, such as your e-mail address",1.0,0.0,0.0,0.0,0.0,0.0
35,"certain information,",0.0,0.0,1.0,0.0,0.0,0.0
36,e-mail address,1.0,0.0,0.0,0.0,0.0,0.0
37,"You may change your choices for subscriptions, newsletters and alerts",0.0,1.0,0.0,0.0,0.0,0.0
38,egistration account,1.0,0.0,0.0,0.0,0.0,0.0
39,we hold about you,0.0,0.0,0.0,1.0,0.0,0.0
40,registration account,1.0,0.0,0.0,0.0,0.0,0.0
41,the personal information we hold about you,0.0,0.0,0.0,1.0,0.0,0.0
42," 5. Your Controls and Choices    We provide you the ability to exercise certain controls and choices regarding our collection, use and sharing of your information. In accordance with local law, your controls and choices may include:     You may correct, update and delete your registration account    You may change your choices for subscriptions, newsletters and alerts    You may choose whether to receive from us offers and promotions for our products and services, or products and services that we think may be of interest to you    You may choose whether to receive targeted advertising from many ad networks, data exchanges, marketing analytics and other service providers here     You may choose whether to receive targeted advertising from many ad networks, data exchanges, marketing analytics and other service providers here     You may request access to the personal information we hold about you and that we amend or delete it  ",0.0,0.0,1.0,0.0,0.0,0.0
43,personal information,1.0,1.0,1.0,0.0,1.0,0.0
44,  Giving parents access or the ability to request access to personal information we have collected from their children and the ability to request that the personal information be changed or deleted  ,0.0,0.0,1.0,0.0,0.0,0.0
45,certain posted content.,0.0,0.0,1.0,0.0,0.0,0.0
46,personal information from a public forum on one of our sites or applications,0.0,0.0,0.0,1.0,0.0,0.0
47, Process to remove your personal information    Most of our services include information on how to remove your information and cancel the service. You may alternatively send us an email at webmaster@newspost.com identifying the services and information you would like removed. Please provide explicit reasons why we should remove the content. We reserve the right to decline requests for removal of information based on maintaining the historical and archival nature of our website(s).  ,0.0,0.0,1.0,0.0,0.0,0.0
48,"personally identifiable information changes, you may correct and/or update it",1.0,0.0,0.0,0.0,0.0,0.0
49,personally identifiable information,1.0,1.0,1.0,1.0,1.0,0.0
50,"If your personally identifiable information changes,",0.0,0.0,1.0,0.0,0.0,0.0
51,your personally identifiable information,0.0,0.0,1.0,1.0,0.0,0.0
52,"Unless otherwise specified on the Service, we may sell or share information about you and your computer, mobile or other device, including without limitation your Registration Information and other personally identifiable information, with our parent, subsidiaries, and affiliates and with carefully selected companies who we think may offer services and/or products that may be of interest to you. If you do not wish to have your personally identifiable information shared with third parties, contact our Privacy Policy Coordinator as described at the end of this document. If you do not wish to receive future commercial messages from us, simply follow the unsubscribe instructions contained within the message you receive. (But note that you may continue to receive certain communications from us, such as transactional or relationship messages, and/or messages about your account/profile). If you've registered on any part of the Service, please use the mechanism or contact information on the Service that allows you to change or update your member preferences or information, if available, to keep all such data accurate and up-to-date. If no such mechanism or contact information is available on the Service, contact our Privacy Policy Coordinator as described below with your changes.  ",0.0,0.0,1.0,0.0,0.0,0.0
53,"please use the mechanism or contact information on the Service that allows you to change or update your member preferences or information, if available,",1.0,0.0,0.0,0.0,0.0,0.0
54,"f you've registered on any part of the Service, please use the mechanism or contact information on the Service that allows you to change or update your member preferences or information, if available, to keep all such data accurate and up-to-date. If no such mechanism or contact information is available on the Service, contact our Privacy Policy Coordinator as described below with your changes.",1.0,0.0,0.0,0.0,0.0,0.0
55,"Also as discussed above in Section 2(B), if you wish to request updates or changes to your information or your preferences regarding receiving future promotional messages from us, you may contact our Privacy Policy Coordinator.  ",0.0,0.0,1.0,0.0,0.0,0.0
56,to request updates or changes to your information or your preferences,1.0,0.0,0.0,0.0,0.0,0.0
57,account information,1.0,0.0,0.0,0.0,0.0,0.0
58,account information regarding your daughter or son at any time;,1.0,0.0,0.0,0.0,0.0,0.0
59,"account information,",1.0,0.0,0.0,0.0,0.0,0.0
60,"such information,",1.0,0.0,0.0,0.0,0.0,0.0
61, How to Access or Update Your Information & Other Privacy Choices Available To You     Manage Your washingtonpost.com Account.    You may access or modify your washingtonpost.com account on the User Profile page. This link will also allow you to update your subscriptions to electronic newsletters provided by the Services and to view your comment history.  ,0.0,0.0,1.0,0.0,0.0,0.0
62,update your subscriptions to electronic newsletters provided by the Services,1.0,0.0,0.0,0.0,0.0,0.0
63,view your comment history,0.0,0.0,0.0,0.0,0.0,1.0
64,You may access or modify your washingtonpost.com account on the User Profile page. This link will also allow you to update your subscriptions to electronic newsletters provided by the Services and to view your comment history.,0.0,0.0,0.0,1.0,0.0,0.0
65,information you have provided to us at anytime by logging into the system and navigating to your account and selecting those portions of your account you would like to update.,1.0,0.0,0.0,0.0,0.0,0.0
66,portions of your account,1.0,0.0,0.0,0.0,0.0,0.0
67,by logging into the system and navigating to your account and selecting those portions of your account you would like to update.,1.0,0.0,0.0,0.0,0.0,0.0
68,"A) Information already collected as part of a particular purchase in our transactions database which may be shared with third parties involved in the processing of financial transactions, as discussed above; or",0.0,0.0,0.0,0.0,0.0,1.0
69,"B) Information that we may have already forwarded to credit card companies or any other third parties, all as provided above in this privacy policy",0.0,0.0,0.0,0.0,0.0,1.0
70,Not selected,0.0,0.0,1.0,0.0,0.0,0.0
71,your contact or account information,1.0,0.0,0.0,0.0,0.0,0.0
72,contact or account information,1.0,0.0,0.0,0.0,0.0,0.0
73,r change your contact or account information,1.0,0.0,0.0,0.0,0.0,0.0
74,your contact information,1.0,0.0,0.0,0.0,0.0,0.0
75,update or delete your contact information,1.0,0.0,0.0,0.0,0.0,0.0
76,and have any of your child's information deleted from our records.,0.0,0.0,0.0,1.0,0.0,0.0
77,any of your child's information,0.0,0.0,1.0,0.0,0.0,0.0
78,certain information regarding its disclosure of their personal information to third parties for their direct marketing purposes.,0.0,0.0,1.0,0.0,0.0,0.0
79," Questions About this Policy; Access to Your Information    If you have an account with The Atlantic, you may review and change your information by logging into your account and editing your account profile. If you have questions about our privacy policy, you may contact us at:  ",0.0,0.0,1.0,0.0,0.0,0.0
80,ccount and editing your account profil,1.0,0.0,0.0,0.0,0.0,0.0
81,"If you have an account with The Atlantic, you may review and change your information by logging into your account and editing your account profile.",1.0,0.0,0.0,0.0,0.0,0.0
82,"You may also use the contact information provided to request access or changes to your personally identifiable information; however, you will not be permitted to examine the personally identifiable information of any other person or entity and may be required to provide us with personally identifiable information to verify your identity prior to accessing any records containing information about you. We may not accommodate a request to change or delete personally identifiable information if we believe doing so would violate any law or legal requirement, or cause the information to be incorrect.  ",0.0,0.0,1.0,0.0,0.0,0.0
83,You may also use the contact information provided to request access or changes to your personally identifiable information,0.0,1.0,0.0,0.0,0.0,0.0
84,information that is associated with your Google Account,1.0,0.0,0.0,0.0,0.0,0.0
85,how the Profile associated with your Google Account appears to others.,0.0,0.0,0.0,0.0,1.0,0.0
86,information associated with your Google Account,0.0,0.0,0.0,1.0,0.0,0.0
87,certain types of information tied to your Google Account,1.0,0.0,0.0,0.0,0.0,0.0
88,your preferences,1.0,0.0,0.0,0.0,0.0,0.0
89,to your personal information.,1.0,0.0,0.0,0.0,0.0,0.0
90,If that information,1.0,0.0,0.0,0.0,0.0,0.0
91,"For Sterling Publishing : If, at any time, you wish to no longer receive ENewsletters from Sterling Publishing Co., Inc., Lark Crafts, and/or FlashKids.com, please click on the link for opt out instructions contained at the bottom of each ENewsletter. You can change your personal information and your communication preferences when you follow this link.  ",0.0,0.0,1.0,0.0,0.0,0.0
92,personal information and your communication preferences,0.0,1.0,0.0,0.0,0.0,0.0
93," Online Community Users    Barnes & Noble provides you with the ability to access, correct, change or request deletion of the personal information in your community profile(s) at any time by following the instructions below. We will respond to all access requests within 30 days. However, you cannot currently change your profile name although you may re-register and choose a new name. To review or modify your profile information, please click here. Please be advised that Barnes & Noble may archive information it collects on its community and visitors. Additionally, by participating in the Barnes & Noble online interactive community, and using Barnes & Noble's various interactive offerings, including, the submission of customer reviews, or participation in the Barnes & Noble Book Clubs, you agree to receive communications from Barnes & Noble, other users, and moderators related to the provision of these services.  ",0.0,0.0,1.0,0.0,0.0,0.0
94,profile information,1.0,0.0,0.0,1.0,0.0,0.0
95,personal information in your community profile(s),0.0,0.0,0.0,1.0,0.0,0.0
96,personal information in your community profile(s) on Lark Crafts at any time,0.0,1.0,0.0,0.0,0.0,0.0
97,the personal information in your community profile(s),0.0,0.0,0.0,1.0,0.0,0.0
98,community profile(s),1.0,0.0,0.0,0.0,0.0,0.0
99,"the personal information in your community profile(s) on SparkNotes.com at any time,",0.0,1.0,0.0,0.0,0.0,0.0
100,"information regarding what, if any, personal information we have collected about your child and how it has been used or shared. We will, at your request, remove personal information about your child from its database and instruct our affiliates and third party partners to do the same.",0.0,0.0,0.0,0.0,1.0,0.0
101,post(s),0.0,0.0,0.0,0.0,0.0,1.0
102,content or information posted on Barnes & Noble Websites and Apps,0.0,1.0,0.0,0.0,0.0,0.0
103," Accessing your information    You have the right to ask us not to use your personal information for direct marketing purposes. You also have the right to request a copy of the personal information that we hold about you and to have any inaccuracies rectified. Please note that, as permitted by law, we may charge a nominal fee for information requests and may require you to prove your identity. Following a request, we will use reasonable efforts to supply, correct or delete personal information about you in our files. Please address written requests and questions about this to privacy@barnesandnoble.com. We will respond to all access requests within 30 days.  ",0.0,0.0,1.0,0.0,0.0,0.0
104,the personal information that we hold about you,0.0,1.0,0.0,0.0,0.0,0.0
105,personal information that we hold about you,0.0,1.0,0.0,0.0,0.0,0.0
106,Users are able to change their personal information:     By emailing us     By calling us     By logging in to their account  ,0.0,0.0,1.0,0.0,0.0,0.0
107,any Content for any purpose whatsoever,0.0,1.0,0.0,0.0,0.0,0.0
108,voluntarily submitted personal information,0.0,0.0,0.0,0.0,1.0,0.0
109,"If you have voluntarily submitted personal information to us and wish to review, update, correct or delete it, please email your request to webmaster@research.stlouisfed.org  ",0.0,0.0,1.0,0.0,0.0,0.0
110,"You can limit the way that we tailor advertising based on your self-reported interests and other information in your profile by clicking on the ""Profile"" or ""My Account"" section of this Site and deleting or modifying the information. On some Sites, the profile section is accessed through the MySite tab, (e.g., MyEverydayHealth). Please see the section below on Updating and Control of Your Personal Information for more information. Please note that if you have registered on multiple Sites, you'll need to modify your profile on each Site. In addition, you can delete the cookies that we have placed on your browser. Please see the section below on Cookies, Web Beacons and IP Address Information for more information.  ",0.0,0.0,1.0,0.0,0.0,0.0
111,"You can update or correct your Personal Information by logging in and clicking on your user name at the top of the Site to access the ""Profile"" section. If you no longer wish Everyday Health to use or share your Personal Information in accordance with this Policy or you no longer desire to use or access this Site, you can also remove your Personal Information from the ""Profile"" section of the Site. If you would like assistance disabling your account, please contact customer service at support@everydayhealth.com or call 1-888-795-4719.  ",0.0,0.0,1.0,0.0,0.0,0.0
112,Personal Information,0.0,1.0,1.0,0.0,0.0,0.0
113,"you can also remove your Personal Information from the ""Profile"" section of the Site",0.0,0.0,0.0,1.0,0.0,0.0
114,"Keep in mind, however, that even if you delete information from your profile, we may retain your Personal Information in conformance with our data retention policy and Personal Information may remain within our databases, access logs, and other records. In addition, we are not responsible for updating or removing your Personal Information contained in the lists or databases of third parties who have been provided information as permitted by this Policy.  ",0.0,0.0,1.0,0.0,0.0,0.0
115,"Any parent or guardian of a child under 13 years of age who may have provided personally-identifiable information to us may request a description of the personally-identifiable information that has been collected from or about that child and either limit or restrict any further maintenance or use of such information from that child and/or direct us to delete it. A parent may also decline to allow any future collection of personally-identifiable information from that child. Such requests can be made by contacting us at privacy@taylorswift.com. We will take reasonable measures to verify that the requesting party is, in fact, the parent or guardian of the child in question before providing a child's personally-identifiable information to such person.  ",0.0,0.0,1.0,0.0,0.0,0.0
116,personally-identifiable information,0.0,0.0,1.0,0.0,0.0,0.0
117," What choices do you have about the collection and use of your information?    You may access, update or delete your personally-identifiable information, and/or modify your account preferences for the Services, by accessing the ""My Account"" area of the Services or by contacting us at privacy@taylorswift.com. Please note that when you delete your account, we may retain your account information for a reasonable period of time for the purpose of internal account management and fraud prevention.  ",0.0,0.0,1.0,0.0,0.0,0.0
118,"personally-identifiable information, and/or modify your account preferences for the Services,",1.0,0.0,0.0,0.0,0.0,0.0
119,"If you no longer wish to receive our announcements by e-mail, you may unsubscribe from receiving them at any time by choosing the ""Unsubscribe"" link at the bottom of our e-mails, or by writing to us at privacy@taylorswift.com. If you e-mail us to change your contact preferences",1.0,0.0,0.0,0.0,0.0,0.0
120,certain of your account information,1.0,0.0,0.0,0.0,0.0,0.0
121,"If you have registered for an account through our Services, you may review and revise certain of your account information by clicking here to log in, and then navigating the left-hand menu options. You may modify your subscriptions to our various promotional email communications and newsletters by accessing the ""Email Subscriptions"" section within your Website account.",1.0,0.0,0.0,0.0,0.0,0.0
122,personal information you provided during registration or in connection with a purchase or other activity while using our Services,1.0,0.0,0.0,0.0,0.0,0.0
123,"If you want to review or revise the personal information you provided during registration or in connection with a purchase or other activity while using our Services, or change the promotional email communications or newsletters you receive from us, you may either (1) click here to log in, and then click on the applicable left-hand menu option, or (2) call MLB.com Customer Service at 866-800-1275. If you want to close your Website account and have us delete the personal information in it (except for information that we keep for record-keeping purposes), you should call MLB.com Customer Service at 866-800-1275.  ",0.0,0.0,1.0,0.0,0.0,0.0
124,personal information in it,1.0,0.0,0.0,0.0,0.0,0.0
125,in connection with a purchase or other activity while using our Services,0.0,0.0,0.0,0.0,0.0,1.0
126,"If you want to review or revise the personal information you provided during registration or in connection with a purchase or other activity while using our Services, or change the promotional email communications or newsletters you receive from us, you may either (1) click here to log in, and then click on the applicable left-hand menu option, or (2) call MLB.com Customer Service at 866-800-1275.",0.0,1.0,0.0,0.0,0.0,0.0
127,If you want to close your Website account and have us delete the personal information in it,1.0,0.0,0.0,0.0,0.0,0.0
128,personal information collected about you through our online applications and in our communications with you,0.0,1.0,0.0,0.0,0.0,0.0
129,The personal information collected about you through our online applications and in our communications with you,0.0,0.0,0.0,0.0,0.0,1.0
130,online applications,1.0,0.0,0.0,0.0,0.0,0.0
131,communications with you,0.0,0.0,0.0,0.0,0.0,1.0
132,users' personally identifiable information,1.0,0.0,1.0,0.0,0.0,0.0
133,your registration information,1.0,0.0,0.0,0.0,0.0,0.0
134,and any billing or shipping information,0.0,0.0,0.0,0.0,0.0,1.0
135,any billing or shipping information,0.0,0.0,0.0,0.0,0.0,1.0
136,registration information,1.0,0.0,0.0,0.0,0.0,0.0
137,billing or shipping information,0.0,0.0,0.0,0.0,0.0,1.0
138,terminate your account or update any Personal Information collected by our Sites,0.0,0.0,0.0,1.0,0.0,0.0
139,"account, your Personal Information",1.0,0.0,0.0,0.0,0.0,0.0
140,update any Personal Information collected by our Sites,1.0,0.0,0.0,0.0,0.0,0.0
141,collected by our Sites,0.0,0.0,0.0,1.0,0.0,0.0
142,to update your personal information,1.0,0.0,0.0,0.0,0.0,0.0
143,update your personal information,1.0,0.0,0.0,0.0,0.0,0.0
144,"If applicable, this information would include a list of the categories of personal information that was shared and the names and addresses of all third parties with which we shared information in the immediately preceding calendar year. If you are a California resident and would like to make such a request, please let us know using this contact us form . You may also let us know at this number that you no longer wish your information to be shared.",0.0,0.0,0.0,0.0,1.0,0.0
145,your account information,1.0,0.0,0.0,0.0,0.0,0.0
146,account or preference information,1.0,0.0,0.0,0.0,0.0,0.0
147,"If you are a registered user of our Site, you can make changes to your account information by logging in to the Site and using the tools available via the Site. If you have subscribed to one or more of our email newsletters, you also may change your subscriber information, modify your subscriptions, and/or unsubscribe from these newsletters at any time by logging in to your account",1.0,0.0,0.0,0.0,0.0,0.0
148,"If you wish, we will delete your account information; to do so, please log into Dictionary.com using the account you wish to close,then close your acount at http://app.dictionary.com/users/cancelaccount.",1.0,0.0,0.0,0.0,0.0,0.0
149,"We have opted for this alternative approach. If you would like to modify any personal information you previously submitted our sites or apps, visit your account information section for each site or app to which you made the submission. If you have agreed to receive communications from us or to permit us to share your personal information with third parties, you may request that, in the future, we not send you communications or share your personal information by writing to our Legal Department at our corporate address below or by visiting your account information section for each site or app. Please note, however, that we reserve the right to send you administrative messages relating to the site or app (e.g., about changes to this Privacy Policy). If at any time you would like us to deactivate your member profile, please write to us at our corporate address or visit your account information section for each site and app. Please note that (1) we may retain your personal information in back-up storage after deactivation, and (2) we are not responsible for removing information about you from the database of any third parties to whom you previously authorized us to share your personal information.  ",0.0,0.0,1.0,0.0,0.0,0.0
150,"If you would like to modify any personal information you previously submitted our sites or apps, visit your account information section for each site or app to which you made the submission.",1.0,0.0,0.0,0.0,0.0,0.0
151,"If at any time you would like us to deactivate your member profile, please write to us at our corporate address or visit your account information section for each site and app. Please note that (1) we may retain your personal information in back-up storage after deactivation",0.0,0.0,0.0,1.0,0.0,0.0
152,"4. Access to your information   You may contact us at terms@prometheusgm.com if at any time you would like to see the Personally Identifiable Information we hold about you, or to ask us to correct or update this information, or to ask us to delete it. Please contact us if you have questions or wish to take any action with respect to information to which this Privacy Policy applies (see below for contact information).  ",0.0,0.0,1.0,0.0,0.0,0.0
153,Information,0.0,0.0,1.0,0.0,0.0,0.0
154," Accessing, Correcting, and Deleting Your Personal Information    We will take reasonable steps to accurately record the personal information that you provide to us and any subsequent updates.  ",0.0,0.0,1.0,0.0,0.0,0.0
155,personal information that we maintain about you,1.0,0.0,0.0,1.0,0.0,0.0
156,"We encourage you to review, update, and correct the personal information that we maintain about you,",0.0,1.0,0.0,0.0,0.0,0.0
157,(this may involve closing your account),1.0,0.0,0.0,0.0,0.0,0.0
158,"personal information that we maintain about you,",1.0,0.0,0.0,0.0,0.0,0.0
159," Retention of Personal Information    We will retain your personal information while you have an account with us and thereafter for as long as we need it for purposes not prohibited by applicable laws. Thereafter, we will either delete your personal information or de-identify it so that it is anonymous and not attributed to your identity. Your rights to request that we delete your personal information are set forth in the ""Accessing, Correcting, and Deleting Your Personal Information"" section above.  ",0.0,0.0,1.0,0.0,0.0,0.0
160,"Thereafter, we will either delete your personal information",0.0,1.0,0.0,0.0,0.0,0.0
161,"access your personal information in your registration profile for review and may change any information, as necessary, except for your name.",1.0,0.0,0.0,0.0,0.0,0.0
162,"any information, as necessary, except for your name.",1.0,0.0,0.0,0.0,0.0,0.0
163,personal information in your registration profile,1.0,0.0,0.0,0.0,0.0,0.0
164,your vehicle information any time.,1.0,0.0,0.0,0.0,0.0,0.0
165,This information is used to set up your account specific to your vehicle. You will be able to edit or delete your vehicle information any time.,1.0,0.0,0.0,0.0,0.0,0.0
166,your vehicle information,1.0,0.0,0.0,0.0,0.0,0.0
167,"This is a summary of your account with us. By clicking this button, you can view and/or edit your personal information at any time by clicking the ""Edit/Update"" button. You may also change your Communication Preferences.",1.0,0.0,0.0,0.0,0.0,0.0
168,your personal information,1.0,1.0,1.0,0.0,0.0,0.0
169,"make changes to this information at any time by selecting the edit button in the ""My Profile"" folder.",0.0,0.0,0.0,1.0,0.0,0.0
170,"Honda or Acura's vehicle identification number (VIN) or simply choose the make, year, and model of your vehicle",1.0,0.0,0.0,0.0,0.0,0.0
171,"we will request that you provide personally identifiable information such as your AHFC account number, the last four digits of your social security number, your bank's name and routing number, and your bank account type (checking or savings) and account number.",1.0,0.0,0.0,0.0,0.0,0.0
172,your information,1.0,0.0,0.0,0.0,0.0,0.0
173,our information,1.0,0.0,0.0,0.0,0.0,0.0
174,"Corrections, Updates and Removal of Personally Identifiable Information   If you are concerned about the accuracy of personally identifiable information maintained by Valve or wish to review, access, amend or correct it, or would like your personally identifiable information removed from Valve's records or otherwise deactivated, please contact us here. We may decline requests that are unreasonably repetitive, require disproportionate technical effort, jeopardize the privacy of others, or are extremely impractical.  ",0.0,0.0,1.0,0.0,0.0,0.0
175,to your personal information,0.0,0.0,1.0,0.0,0.0,0.0
176," Accessing and Updating Personal Information    We encourage you to keep your personal information updated and accurate. We provide you reasonable access to your personal information and the ability to review, correct, or delete it. For instance, some of our sites and services give you the ability to view and/or edit your personal information online. The methods for accessing your personal information will depend on which sites or services you use and their features. You have several choices; for instance:  ",1.0,0.0,0.0,0.0,0.0,0.0
177,your personal information online,1.0,0.0,0.0,0.0,0.0,0.0
178,the personal information,1.0,0.0,0.0,0.0,0.0,0.0
179,the personal information that you directly provided to us,1.0,0.0,0.0,0.0,0.0,0.0
180,your profile,0.0,0.0,0.0,0.0,1.0,0.0
181,You may deactivate your profile,1.0,0.0,0.0,0.0,0.0,0.0
182,profile,0.0,0.0,0.0,1.0,0.0,0.0
183,You may close your account at any time by logging onto the site on which you are registered and navigating to your account,1.0,0.0,0.0,0.0,0.0,0.0
184,account,1.0,0.0,0.0,0.0,0.0,0.0
185,email preferences,1.0,0.0,0.0,0.0,0.0,0.0
186,"our protected health information,",0.0,1.0,0.0,0.0,0.0,0.0
187,your protected health information,0.0,0.0,0.0,0.0,1.0,0.0
188,health information,0.0,1.0,0.0,0.0,1.0,0.0
189,if you have used our sites and services to share personal information,1.0,0.0,0.0,0.0,0.0,0.0
190,other users may submit personal information that identifies you.,0.0,1.0,0.0,0.0,0.0,0.0
191,How can you deactivate your account,0.0,0.0,1.0,0.0,0.0,0.0
192,"If you use a Motley Fool application on a third party site or mobile device we may collect data about you including your email address. We will let you know what data, if any, we are collecting at the time.  ",0.0,0.0,1.0,0.0,0.0,0.0
193,We'll remove your name from our lists as soon as we can.,1.0,0.0,0.0,0.0,0.0,0.0
194,Personal Profile,0.0,0.0,0.0,1.0,0.0,0.0
195,or any other tidbits we have about you,1.0,0.0,0.0,0.0,1.0,0.0
196,information in your Personal Profile,1.0,0.0,0.0,0.0,0.0,0.0
197,"or any other tidbits we have about you,",0.0,0.0,1.0,0.0,0.0,0.0
198,"Either you will be able to make your changes right there, or we will give you instructions.",0.0,0.0,1.0,0.0,0.0,0.0
199,"Either you will be able to make your changes right there, or we will give you instructions",0.0,0.0,1.0,0.0,0.0,0.0
200,changes to your paid Fool newsletter subscriptions,1.0,0.0,0.0,0.0,0.0,0.0
201,email address,1.0,0.0,0.0,0.0,0.0,0.0
202,"o your paid Fool newsletter subscriptions or free trials,",1.0,0.0,0.0,0.0,0.0,0.0
203,your email address,1.0,0.0,0.0,0.0,0.0,0.0
204,you can update your preferences at a later time.,1.0,0.0,0.0,0.0,0.0,0.0
205,"At that time you have the opportunity to opt-in to e-mail newsletters and alerts and have e-mail offers sent to you on behalf of MediaNews advertisers, however, you can update your preferences at a later time.",0.0,0.0,0.0,1.0,0.0,0.0
206," Review & Update Your PIN    A registered user of MediaNews Web sites may review and change his or her PIN and/or e-mail preferences by clicking on the Manage Account link after signing in. A registered user may also review and request an update of the PIN and/or e-mail preferences which he or she provided to MediaNews at any time by e-mailing us at privacycoordinator@medianewsgroup.com or write to us at: Privacy Coordinator, MediaNews Group Interactive, 101 W. Colfax Ave., Suite 950, Denver, CO 80202. Please include the name of the applicable site.  ",0.0,0.0,1.0,0.0,0.0,0.0
207,his or her PIN and/or e-mail preferences,1.0,0.0,0.0,0.0,0.0,0.0
208,review and change his or her PIN and/or e-mail preferences,0.0,0.0,0.0,1.0,0.0,0.0
209," PARENTAL ACCESS    MediaNews Group and MediaNews Group affiliates are the operators collecting information at this web site. Please send an email or letter to our Privacy Coordinator at the email or mailing address provided below if you would like to do any of the following:   Access personally identifiable information that MediaNews has collected from your child,   Correct factual errors in such information,   Request to have this information deleted, or   Request that we no longer collect or maintain such information about your child.  ",0.0,0.0,1.0,0.0,0.0,0.0
210,any collected personally identifiable information,0.0,0.0,1.0,0.0,0.0,0.0
211,"If you would like to correct, update, or change your personal information with us please contact us the same way.  ",0.0,0.0,1.0,0.0,0.0,0.0
212,"you authorize your employees to access those portions of the Site that require a registration, one digital subscription will entitle each of your authorized employees to access those portions of the Site without the need for each employee to register individually, provided that such employees access such portions of the Site from a computer or other device with your institutional IP addresses for such devices that you have provided to us at the time of your registration",0.0,0.0,1.0,0.0,0.0,0.0
213,your personally identifiable information through the My Profile Page,0.0,0.0,0.0,1.0,0.0,0.0
214," 4. Correction/Updating Personal Information    You can correct or update your personally identifiable information through the My Profile Page. For assistance in updating your information, contact us via email at: pgforme@post-gazette.com or by calling 1-855-PG-For-Me.  ",0.0,0.0,1.0,0.0,0.0,0.0
215,"information about the customer information we shared, if any, with other businesses for their own direct marketing uses.",0.0,0.0,0.0,0.0,1.0,0.0
216,review your personal information contained in our records,1.0,0.0,0.0,0.0,0.0,0.0
217,to review your personal information contained in our records,0.0,0.0,1.0,0.0,0.0,0.0
218,your personal information contained in our records,0.0,0.0,0.0,1.0,0.0,0.0
219,your profile information,1.0,0.0,0.0,1.0,0.0,0.0
220,your medical information,0.0,0.0,0.0,0.0,1.0,0.0
221,"review, correct, or update your account information.",1.0,0.0,0.0,0.0,0.0,0.0
222,your account information.,1.0,0.0,0.0,0.0,0.0,0.0
223,unwanted information that you publicly post,0.0,0.0,0.0,0.0,0.0,1.0
224,"You may update or delete your personal information or modify your account preferences for the Curse Features by accessing the ""My Account"" area of the Curse Features or sending us an email to support@curse.com requesting us to update or delete your personal information. Please note that when you delete your account, we may retain your account information for a reasonable period of time afterward for the purpose of internal account management and fraud prevention activities.  ",0.0,0.0,1.0,0.0,0.0,0.0
225,"You may update or delete your personal information or modify your account preferences for the Curse Features by accessing the ""My Account"" area of the Curse Features or sending us an email to support@curse.com requesting us to update or delete your personal information.",1.0,0.0,0.0,0.0,0.0,0.0
226,personal information or modify your account preferences,1.0,0.0,0.0,0.0,0.0,0.0
227,their communication options,1.0,0.0,0.0,0.0,0.0,0.0
228,your resume,1.0,0.0,0.0,0.0,0.0,0.0
229,their personal information or update their account information at any time by linking to http://aaasmember.org and selecting Member Services.,1.0,0.0,0.0,0.0,0.0,0.0
230,Members can change their personal information or update their account information at any time by linking to http://aaasmember.org and selecting Member Services. Other registrants or users may also update their personal information at any time by sending e-mail to membership{at}aaas.org.,1.0,0.0,0.0,0.0,0.0,0.0
231,their personal information,0.0,0.0,1.0,0.0,0.0,0.0
232,their account information,1.0,0.0,0.0,0.0,0.0,0.0
233,message boards are a place where users can go to freely share their thoughts and ideas about the PlayStation brand. A Sony Entertainment Network account is required to contribute to these message boards. We prohibit message board participants from disclosing their own personally identifying information other than their own Online IDs.,1.0,0.0,0.0,0.0,0.0,0.0
234,"He or she can use that email address and password to access his or her account, review the information in his or her profile, edit or delete his or her profile at any time.",1.0,0.0,0.0,0.0,0.0,0.0
235,job profile,0.0,0.0,0.0,1.0,0.0,0.0
236,"Please read the information below:   Information we collect about you     Where we store data     How we use your information     Disclosure of your information     Updating or correcting your personally identifiable information     Canceling your account or deleting your personally identifiable information     Choices regarding control of your personally identifiable information     Information related to data collected through the lynda.com platform service     Data Security     Cookies     Mobile Analytics     Links to third party web sites and advertisers     Notice to California residents     Changes to this Privacy Policy     Communities, forums, chat rooms, and message boards     Social Media features     Gift Certificates     How do you contact us with questions?  ",0.0,0.0,1.0,0.0,0.0,0.0
237,Personally Identifiable Information,0.0,0.0,1.0,1.0,1.0,0.0
238,any of your or your childs Personally Identifiable Information,0.0,0.0,0.0,1.0,0.0,0.0
239,childs Personally Identifiable Information online,1.0,0.0,0.0,0.0,0.0,0.0
240,privacy preferences,1.0,1.0,0.0,0.0,0.0,0.0
241,yours or your childs personal information,0.0,0.0,0.0,1.0,0.0,0.0
242,You may ask to have the information on yours or your childs account deleted or removed and request that we no longer have contact with your child,1.0,0.0,0.0,0.0,0.0,0.0
243,your or your childs Personally Identifiable Information if it changes,0.0,0.0,0.0,1.0,0.0,0.0
244,past transactions,0.0,0.0,0.0,0.0,0.0,1.0
245,past transactions on this Website,0.0,0.0,0.0,0.0,0.0,1.0
246,cancel your membership,1.0,0.0,0.0,0.0,0.0,0.0
247,"cancel your membership,",1.0,0.0,0.0,0.0,0.0,0.0
248,"6. CANCELING YOUR ACCOUNT OR DELETING PERSONALLY IDENTIFIABLE INFORMATION   If you are a lyndaPro member and would like to cancel your membership, log in to your account and go to My Account, Account + Billing. You can also contact your sales representatives or contact support@lynda.com.  ",0.0,0.0,1.0,0.0,0.0,0.0
249,membership,1.0,0.0,0.0,0.0,0.0,0.0
250,personally identifiable information deleted,0.0,0.0,0.0,1.0,0.0,0.0
251,would like to cancel your membership,1.0,0.0,0.0,0.0,0.0,0.0
252,"If you are lyndaKiosk, lyndaClassroom, lyndaCampus or lyndaEnterprise and would like to cancel your membership, please contact your sales representatives or contact support@lynda.com. To have any personally identifiable information deleted, please contact: support@lynda.com.  ",0.0,0.0,1.0,0.0,0.0,0.0
253,If you wish to cancel your or your childs account,1.0,0.0,0.0,0.0,0.0,0.0
254,to provide you Services,0.0,0.0,1.0,0.0,0.0,0.0
255,"For example, by logging in to your account, you can access information regarding recent orders from the Websites; Personally Identifiable Information; communication preferences; and payment settings.",1.0,0.0,0.0,0.0,0.0,0.0
256,you can access information regarding recent orders from the Websites,0.0,0.0,0.0,0.0,0.0,1.0
257,some of the information,0.0,0.0,1.0,0.0,0.0,0.0
258,information regarding recent orders from the Websites,0.0,0.0,0.0,0.0,0.0,1.0
259,communication preferences,1.0,0.0,0.0,0.0,0.0,0.0
260,Personally Identifiable Information; communication preferences; and payment settings,1.0,0.0,0.0,0.0,0.0,0.0
261,recent orders from the Websites,0.0,0.0,0.0,0.0,0.0,1.0
262,from newsletters by following the instructions included in the newsletter,1.0,0.0,0.0,0.0,0.0,0.0
263,and update your newsletter and email subscription options.,1.0,0.0,0.0,0.0,0.0,0.0
264,"8. INFORMATION RELATED TO DATA COLLECTED THROUGH THE LYNDA.COM PLATFORM SERVICE   For certain services lynda.com collects information under the direction of its clients (e.g., an entity that subscribes to the Services for use by the entitys personnel). In this respect, lynda.com acts as a data processor and has no direct relationship with the individuals whose Personally Identifiable Information it processes. An individual who seeks access, or who seeks to correct, amend, or delete inaccurate data should direct his or her query to the relevant lynda.com client (the data controller). If the client makes a request to us to remove the data, we will respond to their request within 30 days.  ",0.0,0.0,1.0,0.0,0.0,0.0
265,data,0.0,0.0,1.0,0.0,0.0,0.0
266,"the data,",0.0,0.0,1.0,0.0,0.0,0.0
267,we will ask you,0.0,1.0,0.0,0.0,0.0,0.0
268,"member preferences or information,",1.0,0.0,0.0,0.0,0.0,0.0
269,"please use the mechanism or contact information on the Service that allows you to change or update your member preferences or information, if available, to keep all such data accurate and up-to-date. If no such mechanism or contact information is available on the Service, contact our Privacy Policy Coordinator as described below with your changes.",0.0,0.0,1.0,0.0,0.0,0.0
270,request updates or changes to your information,1.0,0.0,0.0,0.0,0.0,0.0
271,regarding receiving future promotional messages from us,0.0,0.0,0.0,0.0,1.0,0.0
272,"t updates or changes to your information or your preferences regarding receiving future promotional messages from us,",0.0,0.0,0.0,1.0,0.0,0.0
273,if you wish to request updates or changes to your information or your preferences regarding receiving future promotional messages from us,0.0,0.0,0.0,0.0,1.0,0.0
274,if you wish to request updates or changes to your information,1.0,0.0,0.0,0.0,0.0,0.0
275,accuracy of information contained in your personal records,0.0,0.0,0.0,0.0,1.0,0.0
276,your personal information.,1.0,0.0,0.0,0.0,0.0,0.0
277,any of your personal information,1.0,0.0,0.0,0.0,0.0,0.0
278,"you may request that we delete personal information about you that is inaccurate, incomplete, or irrelevant for legitimate purposes, or are being processed in a way which infringes any applicable legal requirements, by contacting us as set out in the ""How to Contact Us"" section below",1.0,0.0,0.0,0.0,0.0,0.0
279,"the personal information that we maintain about you,",0.0,0.0,0.0,1.0,0.0,0.0
280,"the stored data used by technology similar to cookies, such as Local Shared Objects or Flash cookies,",0.0,0.0,0.0,0.0,1.0,0.0
281,you may be able to access that account to review the information you provided and make corrections and updates as necessary.,1.0,0.0,0.0,0.0,0.0,0.0
282,"your search preferences, such as search history, search language settings, and saved interests or favorites that may be used in Microsoft services when signed in using your Microsoft account.",1.0,0.0,0.0,0.0,0.0,0.0
283,preferences,1.0,0.0,0.0,0.0,0.0,0.0
284,your search history,1.0,0.0,0.0,0.0,0.0,0.0
285,your history,1.0,0.0,0.0,0.0,0.0,0.0
286,"For Bing Search in your browser, using the search terms you enter and the results you click, search history provides an easy way to revisit the sites and searches you've used before. You may clear your search history from appearing on the site by following the steps provided here or by going to the Bing preferences page noted above. Clearing your history removes it from the Search History service and prevents that history from being displayed on the site, but does not delete information from our standard search logs, which are retained and anonymized as described in the Collecting Your Information Section.  ",0.0,0.0,1.0,0.0,0.0,0.0
287,search history,0.0,0.0,0.0,0.0,0.0,1.0
288,"To view additional details about Microsoft account, including how to create and use a Microsoft account, how to edit account information, and how we collect and use information relating to a Microsoft account, please click on Learn More.  ",0.0,0.0,1.0,0.0,0.0,0.0
289,personal information you have provided us,1.0,0.0,0.0,0.0,0.0,0.0
290,"If you wish to make changes to any personal information you have provided us, or if you have any questions about what we do with your personal information, please contact us by sending an e-mail to privacy@washingtonian.com.",0.0,0.0,1.0,0.0,0.0,0.0
291,personally identifiable information you choose to submit in the course of your public activities,0.0,0.0,0.0,1.0,0.0,0.0
292,your subscription or account information at any time.,1.0,0.0,0.0,0.0,0.0,0.0
293,your subscription or account information,1.0,0.0,0.0,0.0,0.0,0.0
294,subscription or account information,1.0,0.0,0.0,0.0,0.0,0.0
295,Update your account,1.0,0.0,0.0,0.0,0.0,0.0
296,at any time by logging in and changing your profile settings.,0.0,0.0,1.0,0.0,0.0,0.0
297,"legally required we provide online visitors with access to their personal information and the ability to review, update and correct it.",1.0,0.0,0.0,0.0,0.0,0.0
298,the data that you provided via the online services,1.0,0.0,0.0,0.0,0.0,0.0
299,data that you provided via the online services,1.0,0.0,0.0,0.0,0.0,0.0
300,the data that you provided,1.0,0.0,0.0,0.0,0.0,0.0
301,certain user profile information,0.0,0.0,1.0,1.0,0.0,0.0
302,"all information that we maintain in your record, including unique identifier , contact information (name, address, phone number, e-mail), or any other information we may keep in your record.",0.0,0.0,0.0,1.0,0.0,0.0
303,"all information that we maintain in your record,",1.0,0.0,0.0,0.0,0.0,0.0
304,all information that we maintain in your record,0.0,0.0,1.0,0.0,0.0,0.0
305,any other information we may keep in your record,0.0,1.0,0.0,0.0,0.0,0.0
306,unique identifier,0.0,0.0,0.0,0.0,1.0,0.0
307,"contact information (name, address, phone number, e-mail)",1.0,0.0,0.0,0.0,0.0,0.0
308,in any information that we maintain in your record.,0.0,0.0,1.0,0.0,0.0,0.0
309,"Click here to access your Military.com account and profile information. Before providing you with a copy of your personal information or correcting, updating or deleting such information, we reserve the right to verify and authenticate your identity and the personal information to which you have requested access. Access to or correction, updating or deletion of your personal information may be denied or limited by Military if it would violate another person's rights and/or as otherwise permitted by applicable law.",1.0,0.0,0.0,0.0,0.0,0.0
310,account profile information at any time,0.0,0.0,0.0,0.0,1.0,0.0
311,your account profile information at any time,1.0,0.0,0.0,0.0,0.0,0.0
312,"If you wish to delete or close your account or account profile information altogether, please click here for more information on how to contact us.",0.0,0.0,1.0,0.0,0.0,0.0
313,You can provide us with your marketing preferences,1.0,0.0,0.0,0.0,0.0,0.0
314,contact and account information,1.0,0.0,0.0,0.0,0.0,0.0
315,"your personal information,",0.0,0.0,1.0,0.0,0.0,0.0
316,"log into your account. Once you do, you will be able to enter and update your own contact information",1.0,0.0,0.0,0.0,0.0,0.0
317,payment information,0.0,0.0,0.0,0.0,0.0,1.0
318,"your own contact information and payment information, as well as contact information for recipients you have designated.",1.0,0.0,0.0,0.0,0.0,0.0
319,"  Contact us through one of the ways listed in the ""Contact Us"" section at the bottom of this Policy. Please include your current contact information, the information you are interested in accessing, and your requested changes. We will provide you the personal information requested if it is reasonably available, unless it infringes on the privacy of other individuals, and subject to reasonable limitations provided by law and internal procedures. Otherwise we will describe the types of information we typically collect. We will provide access and make the changes you request, or will provide an explanation of what actions we will be able to take with regard to the request.  ",0.0,0.0,1.0,0.0,0.0,0.0
320,"Otherwise we will describe the types of information we typically collect. We will provide access and make the changes you request, or will provide an explanation of what actions we will be able to take with regard to the request.",0.0,0.0,1.0,0.0,0.0,0.0
321,"Contact us through one of the ways listed in the ""Contact Us"" section at the bottom of this Policy. Please include your current contact information, the information you are interested in accessing, and your requested changes. We will provide you the personal information requested if it is reasonably available, unless it infringes on the privacy of other individuals, and subject to reasonable limitations provided by law and internal procedures. Otherwise we will describe the types of information we typically collect. We will provide access and make the changes you request, or will provide an explanation of what actions we will be able to take with regard to the request.",0.0,0.0,0.0,0.0,1.0,0.0
322,"access your personal information related to a specified service provided to you by a Walmart service provider or business partner,",0.0,0.0,0.0,0.0,0.0,1.0
323,"Vision Center, Pharmacy, or financial services information",0.0,1.0,0.0,0.0,0.0,0.0
324,"your Vision Center, Pharmacy, or financial services information,",0.0,0.0,0.0,0.0,1.0,0.0
325,"If you need assistance accessing records related to your Vision Center, Pharmacy, or financial services information, please visit the ""What Are Your Privacy Protections for Specific Types of Personal Information?""section.  ",0.0,0.0,1.0,0.0,0.0,0.0
326,information you have provided to Yahoo through the Yahoo products or services you may use.,0.0,0.0,0.0,1.0,0.0,0.0
327,Account Information,1.0,0.0,0.0,0.0,0.0,0.0
328,"Account Information, including your marketing preferences, at any time.",1.0,0.0,0.0,0.0,0.0,0.0
329,information you have provided,1.0,0.0,0.0,0.0,0.0,0.0
330,your Yahoo account,1.0,0.0,0.0,0.0,0.0,0.0
331,You can delete your Yahoo account by visiting our Account Deletion page.,1.0,0.0,0.0,0.0,0.0,0.0
332,If you would like to have your personally identifiable information changed,0.0,0.0,1.0,0.0,0.0,0.0
333,"for changes listed on your account statements, records, online or other account materials",1.0,0.0,0.0,0.0,0.0,0.0
334,"clicking ""Account"" on the homepage to sign in to your Site account with your User ID to change, update or deactivate your Personal Information.",1.0,0.0,0.0,0.0,0.0,0.0
335,"""Account"" on the homepage to sign in to your Site account with your User ID to change, update or deactivate your Personal Information. However, Personal Information that is necessary to check eligibility, such as date of birth or age, cannot be deleted, but may be modified with sufficient verification of the correct information. We will allow you to change the password portion of your User ID, as well as certain other Information you have given us in order to keep your information current, but once you select a user name you will not be able to change that user name provided to us during registration and which is associated with your User ID.",1.0,0.0,0.0,0.0,0.0,0.0
336,certain Information,0.0,0.0,1.0,0.0,0.0,0.0
337,"Personal Information that is necessary to check eligibility, such as date of birth or age",1.0,0.0,0.0,0.0,0.0,0.0
338,user name,1.0,0.0,0.0,0.0,0.0,0.0
339,"""Privacy""",0.0,0.0,0.0,0.0,1.0,0.0
340,Certain Information collected for certain entries into Promotions,0.0,1.0,0.0,0.0,0.0,0.0
341,"If the burden or expense of providing access to your Information is disproportionate to the risks to your privacy or if the legitimate rights of others would be violated, we may decide not to provide access to such Information. In such cases, we will provide to you an explanation of why access cannot be provided and contact information for further inquiries",1.0,0.0,0.0,0.0,0.0,0.0
342,access to your Information,0.0,0.0,1.0,0.0,0.0,0.0
343,access to the account,1.0,0.0,0.0,0.0,0.0,0.0
344,by signing in to your account and accessing your Account Settings.,1.0,0.0,0.0,0.0,0.0,0.0
345,information yourself,0.0,0.0,1.0,0.0,0.0,0.0
346," Your Choices    Our website allows you to opt out of certain information gathering and sharing, or to opt out of certain products, services or features. You can change your preferences for follow-up contacts by Kraft. If you're registered with our website, you can change the information you've provided to us in the ""Your Profile"" section of the site. If you're not registered with our site, you can change your preferences by clicking here. If you prefer, you can cancel your registration altogether. E-mail us if you wish to take this action.  ",0.0,0.0,1.0,0.0,0.0,0.0
347,"provide your name, address, email and other relevant information",1.0,0.0,0.0,0.0,0.0,0.0
348,Any personal information that we collect will be stored in secure servers hosted in the U.S. or Canada. We will correct such information whenever possible and delete stale information on an ongoing basis and are very happy to hear from you to ensure that our information is as complete and accurate as possible.  ,0.0,0.0,1.0,0.0,0.0,0.0
349,We will correct such information whenever possible and delete stale information on an ongoing basis and are very happy to hear from you to ensure that our information is as complete and accurate as possible.,0.0,1.0,0.0,0.0,0.0,0.0
350,"You can access, add or update certain information in the "" My Account"" section of the Sites, including order tracking and account information.",1.0,0.0,0.0,0.0,0.0,0.0
351,"My Account"" section of the Sites, including order tracking and account information. When you update information, your old information is replaced by your new information.",1.0,0.0,0.0,0.0,0.0,0.0
352,other personal information,0.0,0.0,1.0,0.0,0.0,0.0
353,You can ask us to change or update other personal information about you by clicking here to reach our Privacy Officer.,0.0,1.0,0.0,0.0,0.0,0.0
354,You can ask us to change or update other personal information about you by clicking here to reach our Privacy Officer. Any request to update personal information may take up to 10 days for your email request and 6-8 weeks for your postal mail request.  ,0.0,0.0,1.0,0.0,0.0,0.0
355,You can unsubscribe or change your subscription to any of our Personal Notification Services at any time.,0.0,1.0,0.0,0.0,0.0,0.0
356,"To change your mind, simply contact our Privacy Officer or sign up again when you visit the Sites or our stores.",0.0,1.0,0.0,0.0,0.0,0.0
357,"If you have questions or concerns about how we use personal information about you or if you would prefer that we delete or suppress information we have about you, please click here to reach our Privacy Officer, and we will do our best to meet your concerns.  ",0.0,0.0,1.0,0.0,0.0,0.0
358,"if you would prefer that we delete or suppress information we have about you,",0.0,1.0,0.0,0.0,0.0,0.0
359,"contact customers by email, phone or mail",1.0,0.0,0.0,0.0,0.0,0.0
360,all your personally identifiable information that we collect online and maintain,0.0,0.0,0.0,1.0,0.0,0.0
361,account settings and profile information,0.0,0.0,0.0,1.0,0.0,0.0
362,adjusting your account settings,1.0,0.0,0.0,0.0,0.0,0.0
363,personally identifiable informatio,0.0,0.0,1.0,0.0,0.0,0.0
364,You can access all your personally identifiable information that we collect online and maintain by logging into your account and adjusting your account settings and profile information. You can correct factual errors in your personally identifiable information by sending us a request that credibly shows error.,1.0,0.0,0.0,0.0,0.0,0.0
365,your PIN,0.0,0.0,1.0,0.0,0.0,0.0
366,his or her PIN and/or e-mail preferences by clicking on the Manage Account link after signing in.,1.0,0.0,0.0,0.0,0.0,0.0
367,may review and change his or her PIN and/or e-mail preferences,1.0,0.0,0.0,0.0,0.0,0.0
368,PIN,0.0,0.0,1.0,0.0,0.0,0.0
369,e-mail preferences,1.0,0.0,0.0,0.0,0.0,0.0
370,"personally identifiable information that MediaNews has collected from your child,",1.0,0.0,0.0,0.0,0.0,0.0
371,"in such information,",1.0,0.0,0.0,0.0,0.0,0.0
372,this information,1.0,0.0,0.0,0.0,0.0,0.0
373,such information about your child,1.0,0.0,0.0,0.0,0.0,0.0
374,contact information,1.0,0.0,0.0,0.0,0.0,0.0
375,any contact information you provide,1.0,0.0,0.0,0.0,0.0,0.0
376,contact information you provide,1.0,0.0,0.0,0.0,0.0,0.0
377,personally identifying information that you have provided to us through our Services,1.0,0.0,0.0,0.0,0.0,0.0
378,certain personally identifying information that you have provided to us,1.0,0.0,0.0,0.0,0.0,0.0
379,"How To Obtain A Copy Of This Notice. You have the right to a paper copy of this notice. You may request a paper copy at any time, even if you have previously agreed to receive this notice electronically. To do so, please call the Kaleida Health Privacy Officer at 716-859-8559. You may also obtain a copy of this notice from our website at www.Kaleidahealth.org, or by requesting a copy at your next visit.  ",0.0,0.0,1.0,0.0,0.0,0.0
380,Kaleida Health wants you to know that you have the following rights to access and control your health information.,0.0,1.0,0.0,0.0,0.0,0.0
381,You have the right to inspect and obtain a copy of any of your health information,0.0,1.0,0.0,0.0,0.0,0.0
382," 1. Right To Inspect And Copy Records    You have the right to inspect and obtain a copy of any of your health information that may be used to make decisions about you and your treatment for as long as we maintain this information in our records. This includes medical and billing records. To inspect or obtain a copy of your health information, please submit your request in writing to the Kaleida Health hospital or clinic at which you received your care. If you request a copy of the information, Kaleida Health may charge a fee for the costs of copying, mailing or other supplies we use to fulfill your request. The standard fee is $0.75 per page and must generally be paid before or at the time we give the copies to you.  ",0.0,0.0,1.0,0.0,0.0,0.0
383,Kaleida Health will respond to your request for inspection of records within 10 days,0.0,1.0,0.0,0.0,0.0,0.0
384,"If you believe that the health information we have about you is incorrect or incomplete, you may ask Kaleida Health to amend the information.",0.0,1.0,0.0,0.0,0.0,0.0
385,"You have a right to request an ""accounting of disclosures"" which identifies certain other persons or organizations to whom we have disclosed your health information in accordance with applicable law and the protections afforded in this Notice of Privacy Practices.",0.0,0.0,0.0,0.0,1.0,0.0
386,An accounting of disclosures also does not include information about the following disclosures:,0.0,0.0,0.0,0.0,1.0,0.0
387,Your request must state a time period within the past six years for the disclosures you want us to include.,0.0,0.0,0.0,0.0,1.0,0.0
388,Ordinarily Kaleida Health will respond to your request for an accounting within 60 days.,0.0,0.0,0.0,0.0,1.0,0.0
389," 4. Right To Request Additional Privacy Protections    You have the right to request that we further restrict the way Kaleida Health uses and discloses your health information to treat your condition, collect payment for that treatment, or run our business operations. If your restriction applies to disclosure of information to a health plan where you paid in full out of pocket for items or services, and the disclosure is not otherwise required by law, we are required to honor that request. You may also request that we limit how we disclose information about you to family or friends involved in your care. For example, you could request that we not disclose information about a surgery you had. To request restrictions, please write to the Kaleida Health Privacy Officer, 726 Exchange Street Suite 200, Buffalo, NY 14210. Your request should include (1) what information you want to limit; (2) whether you want to limit how we use the information, how we share it with others, or both; and (3) to whom you want the limits to apply.  ",0.0,0.0,1.0,0.0,0.0,0.0
390,"Your Choices     If you choose to share contact information with us, you will have the opportunity to update that information.     You can stop the delivery of commercial email messages from a CBS Interactive Services or service by following the instructions in any such email you receive.     You have choices about the collection and use of your information by third parties to display relevant advertisements, as described in our overview of Third Party Online Advertising     You also may choose to opt out of our use of data that we collect about your visits to our business partners' sites to customize advertising that we serve. To opt out, visit the CBS Interactive Business Partner Advertising Opt-Out page.  ",0.0,0.0,1.0,0.0,0.0,0.0
391,"If you choose to share contact information with us, you will have the opportunity to update that information.",1.0,0.0,0.0,0.0,0.0,0.0
392,"of any personally identifiable information retained by SRL regarding the visitor, which information has been voluntarily provided to SRL through an account registration, customer order, or electronic news or information subscription",1.0,0.0,0.0,0.0,0.0,0.0
393,"SRL will provide to the visitor a summary of any personally identifiable information retained by SRL regarding the visitor, which information has been voluntarily provided to SRL through an account registration, customer order, or electronic news or information subscription",1.0,0.0,0.0,0.0,0.0,0.0
394,"any personally identifiable information retained by SRL regarding the visitor, which information has been voluntarily provided to SRL",1.0,0.0,0.0,0.0,0.0,0.0
395,account registration,1.0,0.0,0.0,0.0,0.0,0.0
396,customer order,0.0,0.0,0.0,0.0,0.0,1.0
397,"which are in the public domain may be used without permission. If you use images from our collections, we ask that you credit us as the source. Please note that some images on our site have been obtained from other organizations. Permission to use these images should be obtained directly from those organizations.",0.0,0.0,0.0,0.0,1.0,0.0
398,Certain individuals depicted may claim rights in their likenesses and images. Use of photographs or other materials found on the National Archives' website may be subject to these claims. Anyone who intends to use these materials commercially,0.0,0.0,0.0,0.0,1.0,0.0
399,their profile information at any time,1.0,0.0,0.0,0.0,0.0,0.0
400,their profile information,1.0,0.0,0.0,0.0,0.0,0.0
401,cookies,0.0,0.0,0.0,0.0,1.0,0.0
402,"SPECIAL NOTE - Flash Cookies:   Flash cookies (also known as ""local shared objects"" or ""LSOs"") cannot be rejected, disabled, turned off, opted out, or deleted in the same way as regular cookies such as HTML cookies. Flash cookies may remain on your computer even after you have rejected, disabled, opted out or deleted regular cookies. For information on how to manage and remove Flash cookies, please visit:     http://helpx.adobe.com/flash-player/kb/disable-local-shared-objects-flash.html     http://epic.org/privacy/cookies/flash.html     http://www.aboutcookies.org/Default.aspx?page=2     http://www.macromedia.com/support/documentation/en/flashplayer/help/settings_manager07.html  ",0.0,0.0,1.0,0.0,0.0,0.0
403,any of their personal information,1.0,0.0,1.0,0.0,0.0,0.0
404,any profile information,1.0,0.0,0.0,0.0,0.0,0.0
405,"Flash LSOs currently on your computer,",0.0,0.0,0.0,0.0,1.0,0.0
406,your personal information you have previously provided directly to us,1.0,0.0,0.0,0.0,0.0,0.0
407,"use of your personal information you have previously provided directly to us,",0.0,0.0,0.0,0.0,1.0,0.0
408,the personal data you have provided to us.,1.0,0.0,0.0,0.0,0.0,0.0
409,your personally identifiable information changes,1.0,0.0,0.0,0.0,0.0,0.0
410,personally identifiable information changes (such as your email address or zip code),1.0,0.0,0.0,0.0,0.0,0.0
411,You may update and/or edit your Home Delivery account information,1.0,0.0,0.0,0.0,0.0,0.0
412,Home Delivery account information online,1.0,0.0,0.0,0.0,0.0,0.0
413,your Home Delivery account information,1.0,0.0,0.0,0.0,0.0,0.0
414,your NYTimes.com membership or account information,1.0,0.0,0.0,0.0,0.0,0.0
415,our transaction history in the My Account area.,0.0,0.0,0.0,0.0,0.0,1.0
416,membership or account information,1.0,0.0,0.0,0.0,0.0,0.0
417,transaction history,0.0,0.0,0.0,0.0,0.0,1.0
418,your transaction history,0.0,0.0,0.0,0.0,0.0,1.0
419,information that we have collected about you.,0.0,0.0,1.0,0.0,1.0,0.0
420,the information that we have collected,0.0,0.0,1.0,0.0,0.0,0.0
421,"User Information you previously submitted to us,",1.0,0.0,0.0,0.0,0.0,0.0
422,"any User Information you previously submitted to us,",1.0,0.0,0.0,0.0,0.0,0.0
423,User Information you previously submitted to us,1.0,0.0,0.0,0.0,0.0,0.0
424,any User Information,0.0,0.0,1.0,0.0,0.0,0.0
425,"If you do not wish to receive them, you have the option to deactivate your account.",0.0,0.0,1.0,0.0,0.0,0.0
426,"In addition to responding to your email correspondence and sending you information you have requested via our email lists, we send activation emails and other transactional emails to your e-mail address as necessary. You may not opt out of these communications, which are not promotional in nature. If you do not wish to receive them, you have the option to deactivate your account.  ",0.0,0.0,1.0,0.0,0.0,0.0
427,"If you are a member of an Online Service, you may use that services account and privacy settings to personalize the collection, use and/or display of your data via that service.",1.0,0.0,0.0,0.0,0.0,0.0
428,"If for any reason you wish to unsubscribe to Rockstar Games mailing lists please log in to manage your account or use the unsubscribe links at the bottom of any Rockstar Games email message. To delete your Rockstar Games account, sign into your Social Club account, go to https://socialclub.rockstargames.com/profile equestdeleteaccount.html, and follow the instructions on the page. If you are unable to log in to Social Club or you do not have access to your account, please email deleteaccount@RockstarGames.com from the same email account you used to join Social Club, include your Social Club nickname in the message and include Delete Account in the subject field.  ",0.0,0.0,1.0,0.0,0.0,0.0
429,"To delete your Rockstar Games account, sign into your Social Club account, go to https://socialclub.rockstargames.com/profile equestdeleteaccount.html, and follow the instructions on the page.",1.0,0.0,0.0,0.0,0.0,0.0
430,"personal information collected about you,",1.0,0.0,0.0,0.0,0.0,0.0
431,"In addition to the above methods, if you wish to view, delete, or correct the personal information collected about you, you may also send an e-mail to privacypolicy@take2games.com, or write to us at Take-Two Interactive, Attn: Internet Privacy Policy Administrator, 622 Broadway, New York, New York 10012. Please indicate your country of residence in your correspondence.  ",0.0,0.0,1.0,0.0,0.0,0.0
432,personal information collected about you,0.0,1.0,0.0,0.0,0.0,0.0
433,"Data Retention: We will retain your personal information for as long as your account is active or as needed to provide you services. If you wish to cancel your account or request that we no longer use your personal information to provide you services contact us as described above under ""How You Can Control the Collection, Use, and/or Display of Data or Review Your Data."" If your account is inactive for a period time it may be deleted. If information is changed or deleted, we may still retain some of your information in our files to resolve disputes, enforce our user agreement, administer our services, comply with technical and legal requirements, and/or other constraints related to the security, integrity, and operation of our Online Services.  ",0.0,0.0,1.0,0.0,0.0,0.0
434,"personally identifiable information you choose to submit in these forums, and we have no responsibility to publish, remove or edit any of your comments, conversations or other content.",1.0,0.0,0.0,0.0,0.0,0.0
435,user profile,0.0,0.0,0.0,1.0,0.0,0.0
436,"all public activities (comments, conversation topics)",0.0,0.0,0.0,0.0,1.0,0.0
437,"your user profile and all public activities (comments, conversation topics) will be removed.",0.0,0.0,0.0,1.0,0.0,0.0
438,"your user profile and all public activities (comments, conversation topics)",0.0,0.0,0.0,1.0,0.0,0.0
439,"Management of User Information   Certain information, such as address or email address, can be updated or corrected simply by calling Customer Service at 1.888.777.7920.  ",0.0,0.0,1.0,0.0,0.0,0.0
440,"Certain information, such as address or email address, can be updated or corrected simply by calling Customer Service at 1.888.777.7920.",1.0,0.0,0.0,0.0,0.0,0.0
441,"ddress or email address,",1.0,0.0,0.0,0.0,0.0,0.0
442,information Google has about,0.0,0.0,1.0,0.0,0.0,0.0
443,Student ID number,1.0,0.0,0.0,0.0,0.0,0.0
444,Financial Aid information Grades Payment information,0.0,0.0,0.0,0.0,0.0,1.0
445,Student Information Profile,0.0,0.0,0.0,1.0,0.0,0.0
446,Class schedule information,0.0,1.0,0.0,0.0,0.0,0.0
447,Class schedule information Email address Financial Aid information Grades Payment information Student ID number Student Information Profile Registration summary/fee receipts that contain: Address Class schedule information Student ID number,1.0,0.0,0.0,0.0,0.0,0.0
448,Student Information Profile and email address,1.0,0.0,0.0,0.0,0.0,0.0
449,remaining personal information,1.0,1.0,0.0,0.0,0.0,0.0
450,"personal information in your student record contains an error,",1.0,0.0,0.0,0.0,0.0,0.0
451,comments and posts,0.0,0.0,0.0,0.0,0.0,1.0
452,your username will be publicly disassociated with all posts,1.0,0.0,0.0,0.0,0.0,0.0
453,posts and content,0.0,0.0,0.0,1.0,0.0,0.0
454,the posts and content you made during your tenure as a reddit user will not be automatically deleted,0.0,0.0,0.0,0.0,1.0,0.0
455," account deletion    You may choose to delete your reddit account at any time. The usernames associated with deleted accounts remain unavailable for others to use, and your public profile is no longer visible to reddit users. However, the posts and content you made during your tenure as a reddit user will not be automatically deleted as part of the account removal process, though your username will be publicly disassociated with all posts. Also, we do not have control over third parties that may collect and store data independently from reddit without our permission and without following our rules.  ",0.0,0.0,1.0,0.0,0.0,0.0
456,"submitted, without your permission, to reddit a link to a photograph, video, or digital image of you in a state of nudity or engaged in any act of sexual conduct,",0.0,0.0,0.0,0.0,1.0,0.0
457,pp-specific information stored on your device will be deleted from your device,0.0,0.0,1.0,0.0,0.0,0.0
458," Deleting an app    If you delete a reddit app from your mobile device, any app-specific information stored on your device will be deleted from your device. If you have backed up your devices apps, reddit app information may continue to exist where you have backed it up. Any information collected by a reddit app while you are signed in to your reddit account is retained as described in the What Information We Collect section of this policy.  ",0.0,0.0,1.0,0.0,0.0,0.0
459,flash cookies,0.0,1.0,0.0,0.0,0.0,0.0
460,User Registration,1.0,0.0,0.0,0.0,0.0,0.0
461,your UserRegistration at any time by logging in and editing your User Registration (each of our Covered Sites will contain log-in information).,1.0,0.0,0.0,0.0,0.0,0.0
462,"we will retain your email address, user name and assigned user ID on file and use",1.0,0.0,0.0,0.0,0.0,0.0
463,your UserRegistration,1.0,0.0,0.0,0.0,0.0,0.0
464,You may also log-in to cancel any User Registration that you may have selected or that we may have assigned.,1.0,0.0,0.0,0.0,0.0,0.0
465,you may request deletion of those comments,0.0,0.0,0.0,1.0,0.0,0.0
